Name,Stars,CreatedAt,AgeInYears,Url,ReleasesCount,AvgCbo,AvgDit,AvgLcom,CkClassRows,TotalLoc,CommentLines
Snailclimb/JavaGuide,154501,05/07/2018 13:27:00,7,https://github.com/Snailclimb/JavaGuide.git,0,0,0,0,0,0,0
krahets/hello-algo,124114,11/04/2022 11:08:34,3,https://github.com/krahets/hello-algo.git,0,1.841860465116279,1,4.706976744186046,215,32725,7900
GrowingGit/GitHub-Chinese-Top-Charts,107124,09/05/2019 03:01:56,6,https://github.com/GrowingGit/GitHub-Chinese-Top-Charts.git,0,0,1,0,1,7,1
iluwatar/java-design-patterns,93845,08/09/2014 16:45:18,11,https://github.com/iluwatar/java-design-patterns.git,0,3.3603015075376885,1.1959798994974875,1.8276381909547739,1990,121587,59244
macrozheng/mall,83246,04/04/2018 01:11:44,7,https://github.com/macrozheng/mall.git,0,3.876315789473684,1.2394736842105263,1110.803947368421,760,85643,3050
spring-projects/spring-boot,80311,10/19/2012 15:02:57,13,https://github.com/spring-projects/spring-boot.git,0,5.491434305784532,1.2884381047953553,12.943588273242062,13951,857206,223352
doocs/advanced-java,78922,10/06/2018 11:38:30,7,https://github.com/doocs/advanced-java.git,0,0,1,0,1,8,3
MisterBooo/LeetCodeAnimation,76702,12/06/2018 08:01:22,7,https://github.com/MisterBooo/LeetCodeAnimation.git,0,1,1,0,4,303,16
elastic/elasticsearch,76408,02/08/2010 13:20:56,16,https://github.com/elastic/elasticsearch.git,0,0,0,0,0,5502094,588438
NationalSecurityAgency/ghidra,66235,03/01/2019 03:27:48,7,https://github.com/NationalSecurityAgency/ghidra.git,0,0,0,0,0,3160310,707593
TheAlgorithms/Java,65288,07/16/2016 10:21:02,9,https://github.com/TheAlgorithms/Java.git,0,2.0756634669678147,1.0383963862224732,11.20496894409938,1771,133541,31040
kdn251/interviews,64939,02/14/2017 18:19:25,9,https://github.com/kdn251/interviews.git,0,1.3929961089494163,1.0077821011673151,0.2918287937743191,257,22271,6563
spring-projects/spring-framework,59780,12/08/2010 04:04:45,15,https://github.com/spring-projects/spring-framework.git,0,5.184530151289154,1.4478478585126784,29.501385041551245,18772,1510026,422478
termux/termux-app,52550,10/23/2015 09:42:46,10,https://github.com/termux/termux-app.git,0,5.912772585669782,1.4299065420560748,60.82554517133956,321,44908,10632
google/guava,51509,05/29/2014 16:23:17,11,https://github.com/google/guava.git,0,4.128724472715099,1.8033143622363577,51.44107800468698,5974,790206,191356
dbeaver/dbeaver,49309,10/21/2015 08:26:28,10,https://github.com/dbeaver/dbeaver.git,0,0,0,0,0,870020,143102
ReactiveX/RxJava,48466,01/08/2013 20:11:48,13,https://github.com/ReactiveX/RxJava.git,0,2.2686391527275784,1.3120954862570395,47.883584096831136,11897,480096,81861
skylot/jadx,47820,03/18/2013 17:08:21,13,https://github.com/skylot/jadx.git,0,4.219733852645245,1.5920155793573516,32.29568321973385,3081,182884,6942
jeecgboot/JeecgBoot,45594,11/26/2018 10:40:00,7,https://github.com/jeecgboot/JeecgBoot.git,0,7.225027442371021,1.1767288693743139,55.87047200878156,911,116918,35537
apache/dubbo,41711,06/19/2012 07:56:02,13,https://github.com/apache/dubbo.git,0,5.354007249295208,1.2847362062021748,45.780708819975835,4966,479980,104793
PhilJay/MPAndroidChart,38228,04/25/2014 14:29:47,11,https://github.com/PhilJay/MPAndroidChart.git,0,8.61437908496732,1.9477124183006536,91.0326797385621,306,42872,9028
halo-dev/halo,38156,03/21/2018 12:56:52,8,https://github.com/halo-dev/halo.git,0,7.5046904315197,1.237648530331457,7.6554096310193875,1599,112179,10269
TeamNewPipe/NewPipe,37672,09/03/2015 23:39:26,10,https://github.com/TeamNewPipe/NewPipe.git,0,8.498015873015873,1.7182539682539681,47.87301587301587,504,64815,8442
eugenp/tutorials,37348,04/29/2013 18:26:36,12,https://github.com/eugenp/tutorials.git,0,4.116712819677472,1.1113780746049846,5.890820980615736,24556,1061387,35440
alibaba/arthas,37215,08/29/2018 17:15:57,7,https://github.com/alibaba/arthas.git,0,4.638868205510052,1.361131794489948,30.198808637379003,1343,102077,15300
YunaiV/ruoyi-vue-pro,36058,01/24/2021 03:18:25,5,https://github.com/YunaiV/ruoyi-vue-pro.git,0,8.15058219853957,1.222814288533649,13.586540359186895,5067,385164,87355
geekxh/hello-algorithm,36038,05/29/2020 05:47:09,5,https://github.com/geekxh/hello-algorithm.git,0,1.3333333333333333,1,1,3,3167,922
doocs/leetcode,35829,09/16/2018 14:03:03,7,https://github.com/doocs/leetcode.git,0,2.738372093023256,1.005813953488372,0.436046511627907,172,114260,5989
airbnb/lottie-android,35603,10/06/2016 22:42:42,9,https://github.com/airbnb/lottie-android.git,0,6.721649484536083,1.288659793814433,35.80068728522337,291,27520,3836
ashishps1/awesome-system-design-resources,35593,10/25/2023 01:50:42,2,https://github.com/ashishps1/awesome-system-design-resources.git,0,0.8181818181818182,1,0,11,461,13
bumptech/glide,35032,07/08/2013 22:52:33,12,https://github.com/bumptech/glide.git,0,5.843072882468811,1.226526592252134,20.09258043335522,1523,113062,14975
netty/netty,34900,11/09/2010 09:22:21,15,https://github.com/netty/netty.git,0,4.295402298850575,1.493742017879949,69.05657726692209,7830,619326,136605
SeleniumHQ/selenium,34187,01/14/2013 21:40:56,13,https://github.com/SeleniumHQ/selenium.git,0,5.6431654676258995,1.358273381294964,33.50263788968825,2085,198273,35233
xkcoding/spring-boot-demo,34111,11/10/2017 06:27:29,8,https://github.com/xkcoding/spring-boot-demo.git,0,5.035343035343035,1.130977130977131,2.3264033264033266,481,22469,7427
zxing/zxing,33905,10/12/2011 14:07:27,14,https://github.com/zxing/zxing.git,0,4.91652754590985,1.7095158597662772,22.81135225375626,599,73909,17713
alibaba/easyexcel,33769,02/06/2018 03:14:08,8,https://github.com/alibaba/easyexcel.git,0,6.248214285714286,1.375,32.025,560,43190,10068
Blankj/AndroidUtilCode,33708,07/30/2016 18:18:32,9,https://github.com/Blankj/AndroidUtilCode.git,0,3.9298507462686567,1.346268656716418,144.95373134328358,670,64250,18070
keycloak/keycloak,33602,07/02/2013 13:38:51,12,https://github.com/keycloak/keycloak.git,0,6.856542247744052,1.5065627563576702,71.03178835110747,9752,1088938,187574
alibaba/nacos,32764,06/15/2018 06:49:27,7,https://github.com/alibaba/nacos.git,0,5.289897798742138,1.2733883647798743,22.17295597484277,5088,494368,122131
binarywang/WxJava,32674,01/06/2016 08:24:05,10,https://github.com/binarywang/WxJava.git,0,5.406723917412753,1.2119495706194043,20.955965649552347,5473,365403,135401
apache/kafka,32241,08/15/2011 18:06:16,14,https://github.com/apache/kafka.git,0,7.867139959432048,1.3866351138156412,64.95379761099842,8874,1438026,238533
conductor-oss/conductor,31581,12/08/2023 06:06:09,2,https://github.com/conductor-oss/conductor.git,0,7.431328878990349,1.2264291017074982,60.7728285077951,1347,184094,26832
ityouknow/spring-boot-examples,30637,11/05/2016 05:32:33,9,https://github.com/ityouknow/spring-boot-examples.git,0,4.688405797101449,1.0289855072463767,4.905797101449275,276,19262,560
chinabugotech/hutool,30327,04/13/2014 07:23:51,11,https://github.com/chinabugotech/hutool.git,0,3.4704803813714706,1.2786945361202786,101.06894022735607,2727,302962,116489
xuxueli/xxl-job,29997,11/28/2015 12:59:34,10,https://github.com/xuxueli/xxl-job.git,0,4.988372093023256,1.1569767441860466,24.453488372093023,172,17103,4827
apolloconfig/apollo,29767,03/04/2016 10:24:23,10,https://github.com/apolloconfig/apollo.git,0,7.328662420382166,1.2369426751592356,15.45732484076433,785,79067,14745
alibaba/canal,29647,01/13/2013 10:59:52,13,https://github.com/alibaba/canal.git,0,5.654648956356736,1.3690702087286528,77.03415559772296,1054,124762,19225
yuliskov/SmartTube,29117,07/28/2020 12:53:52,5,https://github.com/yuliskov/SmartTube.git,0,6.530109489051095,1.5337591240875912,66.32968369829683,3288,401418,91888
alibaba/spring-cloud-alibaba,29084,12/01/2017 20:49:15,8,https://github.com/alibaba/spring-cloud-alibaba.git,0,5.920875420875421,1.1094276094276094,29.934343434343436,594,45966,12821
wuyouzhuguli/SpringAll,29011,05/02/2018 02:48:44,7,https://github.com/wuyouzhuguli/SpringAll.git,0,5.129476584022038,1.115702479338843,3.628099173553719,363,23996,1481
DrKLO/Telegram,28765,10/25/2013 14:08:10,12,https://github.com/DrKLO/Telegram.git,0,6.987920860812218,1.6673377299548768,85.34376952447067,14405,1671815,105831
alibaba/druid,28211,11/03/2011 05:12:51,14,https://github.com/alibaba/druid.git,0,5.186965990953259,1.6197017925950745,229.35449824091137,5969,596041,68009
lenve/vhr,28100,01/04/2018 08:57:51,8,https://github.com/lenve/vhr.git,0,4.4361702127659575,1.0212765957446808,48.329787234042556,94,5133,387
Anuken/Mindustry,27048,04/30/2017 01:24:29,8,https://github.com/Anuken/Mindustry.git,0,0,0,0,0,173605,8327
crossoverJie/JCSprout,26999,12/17/2017 09:06:50,8,https://github.com/crossoverJie/JCSprout.git,0,1.962962962962963,1.0925925925925926,1.7654320987654322,162,7058,1409
kestra-io/kestra,26610,08/24/2019 13:56:15,6,https://github.com/kestra-io/kestra.git,0,8.013299013299013,1.4036894036894036,15.413985413985413,2331,208167,15673
qiurunze123/miaosha,26605,09/14/2018 04:36:24,7,https://github.com/qiurunze123/miaosha.git,0,3.712,1.144,13.28,250,15643,2241
OpenAPITools/openapi-generator,26037,05/12/2018 09:57:56,7,https://github.com/OpenAPITools/openapi-generator.git,0,4.776403207331042,1.2536082474226804,85.43344788087056,4365,2115804,491782
apache/incubator-seata,25966,12/28/2018 08:37:22,7,https://github.com/apache/incubator-seata.git,0,6.386162317452717,1.749341632750778,459.6358630596122,4177,456879,109551
apache/flink,25904,06/07/2014 07:00:10,11,https://github.com/apache/flink.git,0,7.152627419992098,1.6298301066772027,35.50663769261162,25310,2567700,504367
alibaba/fastjson,25701,11/03/2011 06:58:52,14,https://github.com/alibaba/fastjson.git,0,1.8327801485696222,1.503556187766714,126.12122648964754,6327,253945,13936
hollischuang/toBeTopJavaer,25459,10/25/2018 09:54:54,7,https://github.com/hollischuang/toBeTopJavaer.git,0,0,0,0,0,0,0
JakeWharton/butterknife,25413,03/05/2013 08:18:59,13,https://github.com/JakeWharton/butterknife.git,0,3.974264705882353,1.2352941176470589,10.481617647058824,272,16073,691
CodePhiliaX/Chat2DB,25288,06/20/2023 14:05:26,2,https://github.com/CodePhiliaX/Chat2DB.git,0,6.031578947368421,1.262200956937799,16.489952153110046,1045,83717,19288
bazelbuild/bazel,25267,06/12/2014 16:00:38,11,https://github.com/bazelbuild/bazel.git,0,7.470621048716995,1.6044998140572704,71.04258088508739,10756,1327861,239526
scwang90/SmartRefreshLayout,25173,06/02/2017 09:52:50,8,https://github.com/scwang90/SmartRefreshLayout.git,0,6.651026392961877,1.5073313782991202,30.319648093841643,341,26122,4324
jenkinsci/jenkins,25137,11/22/2010 21:21:23,15,https://github.com/jenkinsci/jenkins.git,0,6.206453178068899,1.91581756428918,46.519650655021834,4122,330950,86683
libgdx/libgdx,24953,08/10/2012 19:34:38,13,https://github.com/libgdx/libgdx.git,0,5.070100502512563,1.7520100502512563,3534.8874371859297,3980,444971,70023
proxyee-down-org/proxyee-down,24787,10/25/2017 10:07:27,8,https://github.com/proxyee-down-org/proxyee-down.git,0,5.516666666666667,1.4666666666666666,19.516666666666666,60,4688,276
apache/skywalking,24767,11/07/2015 03:30:36,10,https://github.com/apache/skywalking.git,0,6.021362586605081,1.3839491916859123,6.825923787528868,3464,250006,58161
greenrobot/EventBus,24746,07/16/2012 16:55:40,13,https://github.com/greenrobot/EventBus.git,0,3.4262295081967213,1.8360655737704918,9.05464480874317,183,7896,1719
Netflix/Hystrix,24466,11/19/2012 20:14:46,13,https://github.com/Netflix/Hystrix.git,0,3.0678304239401495,1.5456359102244388,20.253865336658354,2005,78643,17104
google/gson,24351,03/19/2015 18:21:20,11,https://github.com/google/gson.git,0,2.9788213627992635,1.279926335174954,20.706261510128915,1086,54275,11702
redisson/redisson,24283,01/11/2014 14:06:25,12,https://github.com/redisson/redisson.git,0,5.659271523178808,1.3052980132450331,166.80761589403974,3020,534737,113357
iBotPeaches/Apktool,24153,03/19/2012 17:46:53,14,https://github.com/iBotPeaches/Apktool.git,0,5.868263473053892,1.778443113772455,53.958083832335326,167,20275,2864
dataease/dataease,23683,02/02/2021 04:10:21,5,https://github.com/dataease/dataease.git,0,4.94434628975265,1.204946996466431,28.448763250883392,1132,75332,6413
EnterpriseQualityCoding/FizzBuzzEnterpriseEdition,23571,11/24/2012 00:14:41,13,https://github.com/EnterpriseQualityCoding/FizzBuzzEnterpriseEdition.git,0,2.901098901098901,1,0.23076923076923078,91,2621,739
LSPosed/LSPosed,23256,12/12/2020 08:39:37,5,https://github.com/LSPosed/LSPosed.git,0,5.3489461358313815,1.6323185011709602,48.114754098360656,427,30084,4746
doocs/source-code-hunter,23137,10/28/2019 01:35:10,6,https://github.com/doocs/source-code-hunter.git,0,0,1,0,1,8,3
alibaba/Sentinel,23105,04/04/2018 06:37:33,7,https://github.com/alibaba/Sentinel.git,0,4.285714285714286,1.174456879526004,12.412771560236997,1519,112551,31326
ashishps1/awesome-low-level-design,22942,11/17/2023 10:15:12,2,https://github.com/ashishps1/awesome-low-level-design.git,0,2.6431273644388398,1.1387137452711222,3.0542244640605296,793,20887,743
openjdk/jdk,22740,09/17/2018 12:29:20,7,https://github.com/openjdk/jdk.git,0,0,0,0,0,3050944,1266044
apache/rocketmq,22387,11/30/2016 08:00:08,9,https://github.com/apache/rocketmq.git,0,6.944978455419291,1.3281405369572423,136.52403049386808,3017,373768,50062
kunal-kushwaha/DSA-Bootcamp-Java,22381,07/30/2021 12:23:25,4,https://github.com/kunal-kushwaha/DSA-Bootcamp-Java.git,0,1.292,1.084,3.532,250,10287,831
google/ExoPlayer,21936,06/13/2014 21:19:18,11,https://github.com/google/ExoPlayer.git,0,7.4,1.2905487804878049,52.235975609756096,3280,479128,113284
elunez/eladmin,21934,12/14/2018 08:54:24,7,https://github.com/elunez/eladmin.git,0,7.680851063829787,1.1631205673758864,6.25886524822695,282,23242,8192
oracle/graal,21532,01/14/2016 17:11:35,10,https://github.com/oracle/graal.git,0,0,0,0,0,3050241,750348
CarGuo/GSYVideoPlayer,21430,11/13/2016 12:34:31,9,https://github.com/CarGuo/GSYVideoPlayer.git,0,4.816023738872404,1.532640949554896,52.345697329376854,674,48632,6929
thingsboard/thingsboard,21427,12/01/2016 09:33:30,9,https://github.com/thingsboard/thingsboard.git,0,0,0,0,0,538032,78652
brettwooldridge/HikariCP,21075,10/08/2013 05:43:03,12,https://github.com/brettwooldridge/HikariCP.git,0,4.383783783783784,1.2864864864864864,172.67027027027027,185,21451,4042
apache/shardingsphere,20703,01/18/2016 12:49:26,10,https://github.com/apache/shardingsphere.git,0,7.325474346019984,1.3638711126080612,29.725721342764118,8907,657898,184854
didi/DoKit,20434,08/14/2018 10:32:07,7,https://github.com/didi/DoKit.git,0,4.375398342893563,1.315487571701721,71.76800509878903,1569,121078,28118
mybatis/mybatis-3,20402,02/14/2013 19:03:32,13,https://github.com/mybatis/mybatis-3.git,0,3.5187927107061503,1.215261958997722,21.27107061503417,1756,115412,28399
linlinjava/litemall,20208,03/22/2018 16:42:30,8,https://github.com/linlinjava/litemall.git,0,4.47001620745543,1.1280388978930307,1532.8849270664505,617,116435,40863
ReactiveX/RxAndroid,20181,08/19/2014 03:46:38,11,https://github.com/ReactiveX/RxAndroid.git,0,2.272727272727273,1.1272727272727272,3.090909090909091,55,1863,240
yudaocode/SpringBoot-Labs,20076,09/12/2018 14:51:46,7,https://github.com/yudaocode/SpringBoot-Labs.git,0,4.293305728088336,1.0545203588681848,1.388543823326432,1449,64114,8372
JetBrains/intellij-community,19877,09/30/2011 13:33:05,14,https://github.com/JetBrains/intellij-community.git,0,0,0,0,0,6538601,498549
dianping/cat,18970,12/05/2012 02:31:48,13,https://github.com/dianping/cat.git,0,5.3005841741901225,1.4115772703133298,23.142326075411578,1883,153186,22926
lionsoul2014/ip2region,18874,11/02/2015 00:43:13,10,https://github.com/lionsoul2014/ip2region.git,0,4.104166666666667,1.2083333333333333,11.375,48,4104,548
Baseflow/PhotoView,18859,07/17/2012 16:39:00,13,https://github.com/Baseflow/PhotoView.git,0,4.733333333333333,1.3555555555555556,24.6,45,2323,251
antlr/antlr4,18809,02/04/2010 01:36:28,16,https://github.com/antlr/antlr4.git,0,5.663141993957704,1.7598187311178248,48.30211480362538,662,75710,15872
YunaiV/yudao-cloud,18712,05/02/2019 16:06:49,6,https://github.com/YunaiV/yudao-cloud.git,0,8.13687915526007,1.213922565506453,13.450527962456004,5114,380909,84694
dromara/Sa-Token,18709,02/03/2020 10:34:29,6,https://github.com/dromara/Sa-Token.git,0,4.402614379084968,1.219607843137255,60.10718954248366,765,92522,37868
williamfiset/Algorithms,18541,03/18/2017 02:50:46,9,https://github.com/williamfiset/Algorithms.git,0,2.6777777777777776,1.0555555555555556,23.85333333333333,450,49644,8462
Tencent/APIJSON,18409,11/21/2016 12:03:29,9,https://github.com/Tencent/APIJSON.git,0,5.914285714285715,1.2428571428571429,1169.3285714285714,70,23155,4870
LMAX-Exchange/disruptor,18272,09/21/2012 13:42:24,13,https://github.com/LMAX-Exchange/disruptor.git,0,4.290243902439024,1.2829268292682927,25.882926829268293,410,28421,6889
forezp/SpringCloudLearning,17978,04/08/2017 10:06:56,8,https://github.com/forezp/SpringCloudLearning.git,0,4.618705035971223,1.0503597122302157,0.6402877697841727,139,9946,1230
Tencent/tinker,17820,09/06/2016 06:57:52,9,https://github.com/Tencent/tinker.git,0,4.813387423935091,1.6369168356997972,27.97971602434077,493,56849,10344
ben-manes/caffeine,17576,12/13/2014 08:45:11,11,https://github.com/ben-manes/caffeine.git,0,4.822443181818182,1.5440340909090908,166.43394886363637,1408,136555,21379
infinilabs/analysis-ik,17433,12/16/2011 09:01:45,14,https://github.com/infinilabs/analysis-ik.git,0,4.926829268292683,1.3414634146341464,20.658536585365855,41,5380,1491
openzipkin/zipkin,17419,06/06/2012 18:26:16,13,https://github.com/openzipkin/zipkin.git,0,6.294762484774665,1.4323995127892815,19.354445797807553,821,59623,6474
justauth/JustAuth,17415,01/31/2019 09:42:20,7,https://github.com/justauth/JustAuth.git,0,5.51010101010101,1.3434343434343434,12.984848484848484,198,14631,3335
baomidou/mybatis-plus,17327,08/18/2016 10:06:53,9,https://github.com/baomidou/mybatis-plus.git,0,5.673352435530086,1.3333333333333333,25.03724928366762,1047,94696,27202
gyoogle/tech-interview-for-developer,17231,06/09/2019 04:42:57,6,https://github.com/gyoogle/tech-interview-for-developer.git,0,1.3076923076923077,1,0.9230769230769231,13,748,40
material-components/material-components-android,17217,12/05/2016 16:11:29,9,https://github.com/material-components/material-components-android.git,0,7.077756833176249,1.4538171536286522,93.88312912346842,2122,215929,46800
facebook/fresco,17164,03/02/2015 09:58:04,11,https://github.com/facebook/fresco.git,0,6.548548548548548,1.4124124124124124,27.177177177177178,999,80823,14537
alibaba/DataX,17148,01/18/2018 10:09:47,8,https://github.com/alibaba/DataX.git,0,4.328150572831424,1.5294599018003274,22.648936170212767,1222,102183,9528
nostra13/Android-Universal-Image-Loader,17056,11/27/2011 18:48:23,14,https://github.com/nostra13/Android-Universal-Image-Loader.git,0,4.864285714285714,1.5857142857142856,28.84285714285714,140,13900,5246
heibaiying/BigData-Notes,16882,03/10/2019 01:40:01,7,https://github.com/heibaiying/BigData-Notes.git,0,5.714285714285714,1.2207792207792207,0.8181818181818182,77,4296,675
questdb/questdb,16793,04/28/2014 23:29:15,11,https://github.com/questdb/questdb.git,0,0,0,0,0,1488259,188089
winterbe/java8-tutorial,16769,03/16/2014 17:25:43,12,https://github.com/winterbe/java8-tutorial.git,0,1.0340909090909092,1,3.909090909090909,88,3673,335
Grasscutters/Grasscutter,16768,04/17/2022 12:43:46,3,https://github.com/Grasscutters/Grasscutter.git,0,0,0,0,0,3259892,474548
shuzheng/zheng,16702,10/04/2016 10:07:06,9,https://github.com/shuzheng/zheng.git,0,4.198428290766208,1.4086444007858545,340.8565815324165,509,41624,3449
prestodb/presto,16669,08/09/2012 01:03:37,13,https://github.com/prestodb/presto.git,0,8.72164002141819,1.3615084525357608,85.27124607970626,13073,1617285,174939
JeffLi1993/springboot-learning-example,16592,02/06/2017 07:02:25,9,https://github.com/JeffLi1993/springboot-learning-example.git,0,4.7105263157894735,1.043859649122807,2.491228070175439,114,8125,1800
neo4j/neo4j,16192,11/12/2012 08:46:15,13,https://github.com/neo4j/neo4j.git,0,0,0,0,0,1384775,243672
ashishps1/awesome-leetcode-resources,16096,10/25/2023 01:48:19,2,https://github.com/ashishps1/awesome-leetcode-resources.git,0,1.1818181818181819,1,4.7272727272727275,11,536,69
android-hacker/VirtualXposed,15991,12/01/2017 09:00:58,8,https://github.com/android-hacker/VirtualXposed.git,0,3.6889194769442533,2.792842395044735,14.695801789401239,1453,58054,5146
dyc87112/SpringBoot-Learning,15787,08/21/2016 03:39:06,9,https://github.com/dyc87112/SpringBoot-Learning.git,0,4.4869888475836435,1.0260223048327137,1.4386617100371748,269,11191,1055
quarkusio/quarkus,15565,07/06/2018 00:44:20,7,https://github.com/quarkusio/quarkus.git,0,5.137281825948981,1.2236970584645428,53.50735383864274,32772,1677747,161296
android10/Android-CleanArchitecture,15561,08/19/2014 14:09:26,11,https://github.com/android10/Android-CleanArchitecture.git,0,5.142857142857143,1.4285714285714286,6.723809523809524,105,5207,1714
apache/hadoop,15511,08/28/2014 07:00:08,11,https://github.com/apache/hadoop.git,0,7.349690740403856,1.5941877387666,70.34518828451883,21988,2959748,643669
Konloch/bytecode-viewer,15460,10/14/2014 10:26:46,11,https://github.com/Konloch/bytecode-viewer.git,0,4.219806763285024,1.9565217391304348,13.68840579710145,414,44830,9041
mockito/mockito,15434,10/13/2012 20:27:12,13,https://github.com/mockito/mockito.git,0,3.2190565156468938,1.3970107426436245,18.98505371321812,2141,100650,21537
apache/pulsar,15177,06/28/2016 07:00:03,9,https://github.com/apache/pulsar.git,0,6.825860124083475,1.694303440496334,89.57896221094191,7092,898297,157258
apache/doris,15160,08/10/2017 12:13:30,8,https://github.com/apache/doris.git,0,8.43839693845009,1.6227277559264377,124.96927819708728,9407,1218608,201435
java-decompiler/jd-gui,15060,03/25/2015 05:28:41,11,https://github.com/java-decompiler/jd-gui.git,0,4.476658476658477,2.407862407862408,11.115479115479115,407,22444,2640
zhisheng17/flink-learning,15057,01/01/2019 07:38:28,7,https://github.com/zhisheng17/flink-learning.git,0,4.360060514372163,1.1437216338880485,3.022692889561271,661,32619,6874
supertokens/supertokens-core,14989,01/05/2020 13:30:52,6,https://github.com/supertokens/supertokens-core.git,0,8.911678115799804,1.5112855740922473,73.71344455348381,1019,198345,16347
zaproxy/zaproxy,14918,06/03/2015 16:55:01,10,https://github.com/zaproxy/zaproxy.git,0,4.515303983228511,1.8519916142557653,70.91991614255765,2385,307758,76348
cryptomator/cryptomator,14846,02/02/2014 00:43:47,12,https://github.com/cryptomator/cryptomator.git,0,8.24524312896406,1.4207188160676534,19.62367864693446,473,32757,1576
elastic/logstash,14816,11/18/2010 01:31:50,15,https://github.com/elastic/logstash.git,0,5.294748124330118,1.6184351554126473,21.573419078242228,933,77868,16049
theonedev/onedev,14808,11/06/2018 02:57:01,7,https://github.com/theonedev/onedev.git,0,5.77154046997389,1.384642772371232,26.84773320674104,8426,429612,14242
eclipse-vertx/vert.x,14658,06/17/2011 14:54:55,14,https://github.com/eclipse-vertx/vert.x.git,0,6.427514792899408,1.4985207100591715,157.20808678500987,2028,238089,39887
arduino/Arduino,14553,09/17/2010 19:10:36,15,https://github.com/arduino/Arduino.git,0,3.5444444444444443,1.6422222222222222,32.72222222222222,450,44182,9685
hdodenhof/CircleImageView,14543,01/17/2014 16:44:46,12,https://github.com/hdodenhof/CircleImageView.git,0,11,2.3333333333333335,178.66666666666666,3,526,22
Tencent/QMUI_Android,14522,04/21/2017 10:03:18,8,https://github.com/Tencent/QMUI_Android.git,0,5.181988742964353,1.603189493433396,35.34240150093809,1066,76685,10364
alibaba/ARouter,14501,12/14/2016 01:27:49,9,https://github.com/alibaba/ARouter.git,0,3.704081632653061,1.4081632653061225,17.448979591836736,98,6226,1463
GoogleContainerTools/jib,14365,01/22/2018 18:30:43,8,https://github.com/GoogleContainerTools/jib.git,0,6.527738264580369,1.2219061166429588,17.139402560455192,703,86173,18972
languagetool-org/languagetool,14225,08/08/2013 16:37:22,12,https://github.com/languagetool-org/languagetool.git,0,5.276019824628288,1.5733892489515822,55.6374380480366,2623,315165,66045
deeplearning4j/deeplearning4j,14214,11/27/2013 02:03:28,12,https://github.com/deeplearning4j/deeplearning4j.git,0,8.357180431351921,2.1711379975451517,54474.45817990531,5703,1091377,206213
apache/dolphinscheduler,14202,03/01/2019 16:39:25,7,https://github.com/apache/dolphinscheduler.git,0,6.523443223443223,1.3626373626373627,9.888644688644689,2730,244216,58736
DuGuQiuBai/Java,14197,11/25/2015 07:30:08,10,https://github.com/DuGuQiuBai/Java.git,0,0.7665056360708534,1.173913043478261,1.0982286634460547,621,27928,7174
kekingcn/kkFileView,14026,12/12/2017 11:41:08,8,https://github.com/kekingcn/kkFileView.git,0,6.6826923076923075,1.0769230769230769,321.84615384615387,104,18137,2371
Netflix/zuul,13999,03/13/2013 18:53:57,13,https://github.com/Netflix/zuul.git,0,6.359615384615385,1.5653846153846154,24.998076923076923,520,45279,9425
janishar/mit-deep-learning-book-pdf,13969,04/07/2017 10:46:50,8,https://github.com/janishar/mit-deep-learning-book-pdf.git,0,0,1,0,1,3,0
apache/druid,13967,10/23/2012 19:08:07,13,https://github.com/apache/druid.git,0,7.84947670155323,1.3765748950069996,62.5178321445237,15001,1795373,268026
xpipe-io/xpipe,13917,01/27/2023 02:25:38,3,https://github.com/xpipe-io/xpipe.git,0,6.698918269230769,1.4813701923076923,19.90204326923077,1664,106176,1529
sqshq/piggymetrics,13882,03/29/2015 17:56:31,10,https://github.com/sqshq/piggymetrics.git,0,6.040404040404041,1.0606060606060606,3.8282828282828283,99,4483,178
orhanobut/logger,13879,03/20/2015 22:30:12,11,https://github.com/orhanobut/logger.git,0,5.833333333333333,1.1666666666666667,14.944444444444445,18,1315,271
pinpoint-apm/pinpoint,13816,10/20/2014 09:27:22,11,https://github.com/pinpoint-apm/pinpoint.git,0,5.222920958473382,1.1368318334598286,11.758104738154614,9223,566844,122672
lgvalle/Material-Animations,13797,03/08/2015 20:54:00,11,https://github.com/lgvalle/Material-Animations.git,0,4.4,1.4666666666666666,4.7555555555555555,45,1241,54
seaswalker/spring-analysis,13762,09/09/2016 07:46:32,9,https://github.com/seaswalker/spring-analysis.git,0,2.4242424242424243,1.2424242424242424,1.7878787878787878,33,856,130
JessYanCoding/AndroidAutoSize,13748,08/17/2018 09:04:19,7,https://github.com/JessYanCoding/AndroidAutoSize.git,0,5.408163265306122,1.4081632653061225,31.285714285714285,49,4586,2058
LuckSiege/PictureSelector,13595,01/04/2017 07:47:39,9,https://github.com/LuckSiege/PictureSelector.git,0,5.03527815468114,1.2225237449118047,49.44911804613297,737,54595,10930
tink-crypto/tink,13559,06/06/2014 16:21:09,11,https://github.com/tink-crypto/tink.git,0,7.182252559726963,1.2928327645051194,30.075767918088737,1465,195869,31982
Bigkoo/Android-PickerView,13469,12/28/2014 01:46:38,11,https://github.com/Bigkoo/Android-PickerView.git,0,3.7252747252747254,1.1538461538461537,15.494505494505495,91,6144,960
projectlombok/lombok,13429,06/08/2009 19:46:41,16,https://github.com/projectlombok/lombok.git,0,0,0,0,0,130031,18798
macrozheng/mall-learning,13367,04/12/2019 13:20:31,6,https://github.com/macrozheng/mall-learning.git,0,4.8429752066115705,1.1074380165289257,235.8801652892562,242,52993,6476
pxb1988/dex2jar,13101,03/16/2015 09:13:07,11,https://github.com/pxb1988/dex2jar.git,0,5.348511383537653,1.5691768826619965,21.13309982486865,571,47865,6319
metersphere/metersphere,13047,02/03/2020 02:06:12,6,https://github.com/metersphere/metersphere.git,0,6.6645056726094,1.293354943273906,446.2396002160994,3702,372693,25834
youth5201314/banner,13039,04/22/2016 05:50:25,9,https://github.com/youth5201314/banner.git,0,6.082191780821918,1.8356164383561644,47.68493150684932,73,4441,564
alibaba/COLA,12920,02/06/2018 13:46:27,8,https://github.com/alibaba/COLA.git,0,4.304114490161002,1.334525939177102,4.974955277280858,559,20766,2976
macrozheng/mall-swarm,12892,11/25/2019 06:55:31,6,https://github.com/macrozheng/mall-swarm.git,0,3.73132372214941,1.2319790301441678,1107.6788990825687,763,87889,4352
plantuml/plantuml,12844,11/04/2010 15:55:50,15,https://github.com/plantuml/plantuml.git,0,7.096634615384615,1.5072115384615385,36.29639423076923,4160,483901,133288
codecentric/spring-boot-admin,12824,07/25/2014 11:39:13,11,https://github.com/codecentric/spring-boot-admin.git,0,7.432900432900433,1.2467532467532467,7.212121212121212,462,34795,7271
Netflix/conductor,12788,12/07/2016 22:48:42,9,https://github.com/Netflix/conductor.git,0,7.375,1.25,78.67469879518072,664,90958,13551
apache/zookeeper,12743,03/27/2009 15:41:56,17,https://github.com/apache/zookeeper.git,0,5.5673076923076925,1.9332579185520362,37.085407239819006,1768,195168,42802
google/guice,12733,05/28/2014 23:18:53,11,https://github.com/google/guice.git,0,3.573340195573855,1.2913021101389603,8.462171899125064,3886,114660,21474
microg/GmsCore,12716,04/23/2014 19:28:47,11,https://github.com/microg/GmsCore.git,0,6.009504752376188,1.6998499249624812,13.87543771885943,1999,118605,31241
facebook/stetho,12701,01/22/2015 22:34:10,11,https://github.com/facebook/stetho.git,0,4.215986394557823,1.4234693877551021,7.496598639455782,588,26423,3889
Netflix/eureka,12698,07/26/2012 22:23:07,13,https://github.com/Netflix/eureka.git,0,5.647925033467202,1.2610441767068272,18.613119143239626,747,54930,10693
trinodb/trino,12665,01/19/2019 06:38:14,7,https://github.com/trinodb/trino.git,0,0,0,0,0,1924982,198567
opensearch-project/OpenSearch,12651,01/29/2021 22:10:00,5,https://github.com/opensearch-project/OpenSearch.git,0,7.401554142698557,1.6881118175396104,39.67968513472601,19818,2422730,455652
greenrobot/greenDAO,12617,10/22/2011 16:15:14,14,https://github.com/greenrobot/greenDAO.git,0,4.8076923076923075,2.090659340659341,47.4532967032967,364,29215,4928
zhihu/Matisse,12564,04/13/2017 01:31:05,8,https://github.com/zhihu/Matisse.git,0,6.657894736842105,1.394736842105263,8.078947368421053,76,6078,1130
debezium/debezium,12554,01/22/2016 20:17:05,10,https://github.com/debezium/debezium.git,0,6.729289940828402,1.5686390532544379,60.259467455621305,3380,408300,65846
daimajia/AndroidViewAnimations,12473,06/23/2014 03:53:13,11,https://github.com/daimajia/AndroidViewAnimations.git,0,3.3780487804878048,1.8048780487804879,2.292682926829268,82,3377,1464
LawnchairLauncher/lawnchair,12459,03/03/2017 13:12:58,9,https://github.com/LawnchairLauncher/lawnchair.git,0,9.020005715918835,1.4092597885110032,193.5898828236639,3499,497378,84255
pagehelper-org/Mybatis-PageHelper,12383,06/09/2014 15:32:30,11,https://github.com/pagehelper-org/Mybatis-PageHelper.git,0,5.820652173913044,1.4565217391304348,29.391304347826086,184,16414,6001
daimajia/AndroidSwipeLayout,12382,08/25/2014 04:09:33,11,https://github.com/daimajia/AndroidSwipeLayout.git,0,3.7162162162162162,1.3243243243243243,58.9054054054054,74,3384,208
redis/jedis,12299,06/11/2010 13:04:43,15,https://github.com/redis/jedis.git,0,5.546270718232044,1.3687845303867403,460.81008287292815,1448,216695,28633
amitshekhariitbhu/android-interview-questions,12293,07/09/2017 18:47:24,8,https://github.com/amitshekhariitbhu/android-interview-questions.git,0,0,1,0,1,6,0
Team-xManager/xManager,12188,02/08/2021 11:31:10,5,https://github.com/Team-xManager/xManager.git,0,2.017175572519084,1.0209923664122138,4.732824427480916,524,11649,1
beemdevelopment/Aegis,12182,08/15/2016 19:10:31,9,https://github.com/beemdevelopment/Aegis.git,0,7.0130718954248366,1.7058823529411764,22.823529411764707,459,30879,819
Yalantis/uCrop,12118,01/05/2016 13:41:06,10,https://github.com/Yalantis/uCrop.git,0,6.337662337662338,1.3636363636363635,28.90909090909091,77,7003,961
PaperMC/Paper,12048,01/22/2016 05:40:19,10,https://github.com/PaperMC/Paper.git,0,6.924417235695786,1.6136096067812573,102.10077701907228,4247,393185,118692
grpc/grpc-java,11999,12/08/2014 19:00:00,11,https://github.com/grpc/grpc-java.git,0,5.482002851033499,1.3668923734853884,14.208303635067711,5612,402268,66212
Tencent/matrix,11999,12/11/2018 07:08:02,7,https://github.com/Tencent/matrix.git,0,4.432160804020101,1.2921751615218953,12.894472361809045,1393,89453,10502
provectus/kafka-ui,11986,11/26/2019 15:55:55,6,https://github.com/provectus/kafka-ui.git,0,7.208576998050682,1.46588693957115,17.13450292397661,513,39478,693
Tencent/VasSonic,11879,08/01/2017 08:35:13,8,https://github.com/Tencent/VasSonic.git,0,4.198198198198198,1.2792792792792793,21.61261261261261,111,11784,3078
OpenRefine/OpenRefine,11788,10/15/2012 02:22:48,13,https://github.com/OpenRefine/OpenRefine.git,0,6.301136363636363,1.6356534090909092,13.149147727272727,1408,155768,21718
datahub-project/datahub,11729,11/18/2015 05:47:40,10,https://github.com/datahub-project/datahub.git,0,11.109468161221082,1.2010493679942762,21.87836870975435,4193,646537,54786
code4craft/webmagic,11696,04/23/2013 12:57:36,12,https://github.com/code4craft/webmagic.git,0,4.226744186046512,1.177325581395349,11.465116279069768,344,18898,2589
frank-lam/fullstack-tutorial,11695,04/13/2018 01:50:10,7,https://github.com/frank-lam/fullstack-tutorial.git,0,0,0,0,0,0,0
jd-opensource/joyagent-jdgenie,11598,07/16/2025 02:59:53,0,https://github.com/jd-opensource/joyagent-jdgenie.git,0,4.98015873015873,1.119047619047619,4.734126984126984,252,13840,1056
newbee-ltd/newbee-mall,11541,09/21/2019 03:56:04,6,https://github.com/newbee-ltd/newbee-mall.git,0,5.033707865168539,1.0674157303370786,34.91011235955056,89,7609,1457
StarRocks/starrocks,11512,09/04/2021 02:29:35,4,https://github.com/StarRocks/starrocks.git,0,7.1054095272270565,1.43787566161299,134.2013097694447,11147,1387250,169451
realm/realm-java,11489,04/20/2012 09:18:42,13,https://github.com/realm/realm-java.git,0,4.201988487702773,1.205128205128205,51.775510204081634,1911,160098,31729
careercup/CtCI-6th-Edition,11475,07/02/2015 06:28:46,10,https://github.com/careercup/CtCI-6th-Edition.git,0,2.1133004926108376,1.0689655172413792,4.482758620689655,609,28536,1180
gyf-dev/ImmersionBar,11469,04/19/2017 05:10:09,8,https://github.com/gyf-dev/ImmersionBar.git,0,6.352112676056338,2.1056338028169015,159.25352112676057,142,12925,2802
jhy/jsoup,11362,12/19/2009 01:29:58,16,https://github.com/jhy/jsoup.git,0,6.120728929384966,1.765375854214123,229.35535307517085,439,52305,5552
langchain4j/langchain4j,11342,06/20/2023 15:30:29,2,https://github.com/langchain4j/langchain4j.git,0,6.108373260323979,1.1980378736025554,20.73762263289984,4383,337089,38068
ssssssss-team/spider-flow,11318,03/27/2020 11:07:15,5,https://github.com/ssssssss-team/spider-flow.git,0,5.385093167701863,1.7329192546583851,20.32919254658385,161,11742,939
mission-peace/interview,11308,07/20/2014 21:27:31,11,https://github.com/mission-peace/interview.git,0,2.0149925037481258,1.0374812593703149,3.4092953523238383,667,36792,5408
apereo/cas,11308,09/09/2011 01:36:42,14,https://github.com/apereo/cas.git,0,10.087690452701962,1.4840512989148307,7.803573385947605,9123,569564,95531
permissions-dispatcher/PermissionsDispatcher,11203,08/15/2015 21:41:05,10,https://github.com/permissions-dispatcher/PermissionsDispatcher.git,0,1.6218487394957983,1.226890756302521,34.378151260504204,119,7732,132
daniulive/SmarterStreaming,11165,03/26/2016 14:46:02,10,https://github.com/daniulive/SmarterStreaming.git,0,3.81437125748503,1.0538922155688624,73.76047904191617,167,21811,7546
lingochamp/FileDownloader,11124,12/22/2015 11:17:16,10,https://github.com/lingochamp/FileDownloader.git,0,4.5278810408921935,1.687732342007435,42.014869888475836,269,23882,5340
H07000223/FlycoTabLayout,11112,11/09/2015 01:53:19,10,https://github.com/H07000223/FlycoTabLayout.git,0,6.454545454545454,1.5454545454545454,223.0909090909091,33,3602,201
apple/pkl,11107,01/19/2024 17:28:45,2,https://github.com/apple/pkl.git,0,6.1295641931684335,4.312131919905772,29.85630153121319,1698,101355,17262
jwtk/jjwt,11054,09/13/2014 01:06:24,11,https://github.com/jwtk/jjwt.git,0,4.8,1.9585585585585585,25.834234234234234,555,44177,20115
jfeinstein10/SlidingMenu,11025,06/30/2012 05:14:23,13,https://github.com/jfeinstein10/SlidingMenu.git,0,4.77027027027027,1.8243243243243243,47.445945945945944,74,4932,1020
androidannotations/androidannotations,11008,01/06/2012 08:48:03,14,https://github.com/androidannotations/androidannotations.git,0,5.659043659043659,1.6964656964656966,26.124740124740125,962,71709,22433
asLody/VirtualApp,10950,07/06/2016 13:25:23,9,https://github.com/asLody/VirtualApp.git,0,3.703521126760563,2.5880281690140845,15.611267605633802,1420,56597,4788
square/javapoet,10861,02/01/2013 16:56:30,13,https://github.com/square/javapoet.git,0,4.515151515151516,1.1515151515151516,129.2929292929293,99,12212,1205
clojure/clojure,10832,06/29/2010 20:03:33,15,https://github.com/clojure/clojure.git,0,3.599781897491821,1.495092693565976,130.2071973827699,917,62295,10145
aosp-mirror/platform_frameworks_base,10822,10/21/2008 18:20:37,17,https://github.com/aosp-mirror/platform_frameworks_base.git,0,0,0,0,0,6930848,1454247
TooTallNate/Java-WebSocket,10801,01/20/2010 23:33:04,16,https://github.com/TooTallNate/Java-WebSocket.git,0,3.5916030534351147,1.816793893129771,37.05725190839695,262,24358,7396
iflytek/astron-agent,10772,09/19/2025 08:46:01,0,https://github.com/iflytek/astron-agent.git,0,6.104365620736698,1.0641200545702592,24.559345156889496,1466,137783,25002
alibaba/vlayout,10762,02/27/2017 08:11:47,9,https://github.com/alibaba/vlayout.git,0,5.314465408805032,1.8553459119496856,72.54088050314465,159,19495,3717
zfile-dev/zfile,10714,08/19/2019 13:57:56,6,https://github.com/zfile-dev/zfile.git,0,6.747126436781609,1.4827586206896552,9.797701149425288,435,32639,6596
android-async-http/android-async-http,10622,02/20/2011 03:25:07,15,https://github.com/android-async-http/android-async-http.git,0,5.662337662337662,1.7857142857142858,45.87662337662338,154,12683,2685
resilience4j/resilience4j,10605,06/03/2015 09:21:01,10,https://github.com/resilience4j/resilience4j.git,0,7.131081854607899,1.4327418431597023,17.683457355466516,1747,144302,31894
jeasonlzy/okhttp-OkGo,10587,01/15/2016 10:35:24,10,https://github.com/jeasonlzy/okhttp-OkGo.git,0,5.60387811634349,1.6232686980609419,19.445983379501385,361,22573,5848
google/auto,10557,05/22/2013 21:41:56,12,https://github.com/google/auto.git,0,4.111401218450827,1.7136640557006093,25.942558746736292,1149,58590,10870
Activiti/Activiti,10521,09/13/2012 11:34:43,13,https://github.com/Activiti/Activiti.git,0,5.638273045507584,1.4964994165694283,89.46411901983664,3428,345646,71323
lipangit/JiaoZiVideoPlayer,10504,02/06/2016 11:04:24,10,https://github.com/lipangit/JiaoZiVideoPlayer.git,0,7.27536231884058,2.1159420289855073,56.63768115942029,69,6191,250
signalapp/Signal-Server,10462,12/09/2013 07:10:36,12,https://github.com/signalapp/Signal-Server.git,0,9.000805801772763,1.4633360193392426,15.808219178082192,1241,141446,10650
tbruyelle/RxPermissions,10441,09/29/2015 13:55:09,10,https://github.com/tbruyelle/RxPermissions.git,0,4.65,1.1,10.1,20,1326,113
awsdocs/aws-doc-sdk-examples,10386,08/18/2016 19:06:57,9,https://github.com/awsdocs/aws-doc-sdk-examples.git,0,7.1201923076923075,1.0402644230769231,6.352163461538462,1664,174297,26298
SonarSource/sonarqube,10375,01/05/2011 11:05:17,15,https://github.com/SonarSource/sonarqube.git,0,7.1584227718152125,1.1585394307046197,27.637424171721886,8572,912183,176164
JingMatrix/LSPosed,10310,07/20/2023 18:03:30,2,https://github.com/JingMatrix/LSPosed.git,0,5.063492063492063,1.7174603174603174,51.75555555555555,315,20289,3605
JessYanCoding/MVPArms,10275,08/06/2016 08:49:56,9,https://github.com/JessYanCoding/MVPArms.git,0,6.644295302013423,1.2818791946308725,32.100671140939596,149,13525,4840
ZCShou/GoGoGo,10133,12/03/2021 06:59:39,4,https://github.com/ZCShou/GoGoGo.git,0,7.25,1.4583333333333333,12.875,48,4666,278
JakeWharton/ViewPagerIndicator,10086,08/04/2011 17:13:44,14,https://github.com/JakeWharton/ViewPagerIndicator.git,0,5.4393939393939394,2.242424242424242,29.272727272727273,66,4087,363
stanfordnlp/CoreNLP,10062,06/27/2013 21:13:49,12,https://github.com/stanfordnlp/CoreNLP.git,0,5.639488966318234,1.4569105691056912,148.57862950058072,4305,812291,128824
happydog-intj/JsBridge,9930,02/26/2015 12:10:58,11,https://github.com/happydog-intj/JsBridge.git,0,3.5,1.15625,17.09375,32,1643,219
xuchengsheng/spring-reading,9928,09/15/2023 06:42:44,2,https://github.com/xuchengsheng/spring-reading.git,0,2.798611111111111,1.0277777777777777,0.53125,288,9558,1846
wasabeef/glide-transformations,9910,01/09/2015 10:33:29,11,https://github.com/wasabeef/glide-transformations.git,0,5.555555555555555,2.1481481481481484,2.7777777777777777,27,2197,443
googlesamples/easypermissions,9898,12/22/2015 18:05:53,10,https://github.com/googlesamples/easypermissions.git,0,8.93939393939394,1.4848484848484849,12.212121212121213,33,3353,414
paascloud/paascloud-master,9887,03/17/2018 05:40:43,8,https://github.com/paascloud/paascloud-master.git,0,5.905149051490515,1.315718157181572,5.430894308943089,738,55889,23184
opendataloader-project/opendataloader-pdf,9852,05/13/2025 05:48:02,0,https://github.com/opendataloader-project/opendataloader-pdf.git,0,7.451612903225806,1.1870967741935483,52.08387096774194,155,27213,5629
hackware1993/MagicIndicator,9812,06/26/2016 08:20:43,9,https://github.com/hackware1993/MagicIndicator.git,0,5,1.3398058252427185,26.941747572815533,103,5438,278
OpenFeign/feign,9786,06/26/2013 23:28:16,12,https://github.com/OpenFeign/feign.git,0,4.871189024390244,1.6554878048780488,14.445884146341463,1312,75668,13162
HarlonWang/AVLoadingIndicatorView,9779,10/24/2015 20:18:33,10,https://github.com/HarlonWang/AVLoadingIndicatorView.git,0,3.5652173913043477,1.7826086956521738,6.75,92,2862,168
lihengming/spring-boot-api-project-seed,9714,06/23/2017 10:06:30,8,https://github.com/lihengming/spring-boot-api-project-seed.git,0,5,1.2666666666666666,9.733333333333333,15,761,71
spinnaker/spinnaker,9709,07/02/2014 19:02:36,11,https://github.com/spinnaker/spinnaker.git,0,6.589453636471848,1.4944649446494465,14.099154862516366,8401,593694,115921
YoKeyword/Fragmentation,9706,02/23/2016 08:54:55,10,https://github.com/YoKeyword/Fragmentation.git,0,5.232394366197183,1.7077464788732395,15.116197183098592,284,12775,1606
apache/cassandra,9677,05/21/2009 02:10:09,16,https://github.com/apache/cassandra.git,0,6.78348707783792,1.7507051917359153,60.629412213158496,13117,1369354,213283
perwendel/spark,9666,05/05/2011 11:52:05,14,https://github.com/perwendel/spark.git,0,4.542986425339366,1.2986425339366516,47.11764705882353,221,21272,6613
koral--/android-gif-drawable,9661,01/30/2013 01:37:46,13,https://github.com/koral--/android-gif-drawable.git,0,6.125,1.65625,59.734375,64,5340,1497
react-native-camera/react-native-camera,9648,04/01/2015 00:54:40,10,https://github.com/react-native-camera/react-native-camera.git,0,0,0,0,0,0,0
AutoMQ/automq,9628,08/17/2023 07:50:13,2,https://github.com/AutoMQ/automq.git,0,7.059757536744985,1.3262525480098701,45.89475378178307,9321,1264347,222797
ksoichiro/Android-ObservableScrollView,9626,11/08/2014 14:45:20,11,https://github.com/ksoichiro/Android-ObservableScrollView.git,0,5.014925373134329,1.9671641791044776,7.570149253731343,335,17047,2963
flyway/flyway,9622,12/14/2012 18:43:22,13,https://github.com/flyway/flyway.git,0,5.774666666666667,1.436,51.202666666666666,750,76370,22345
bilibili/DanmakuFlameMaster,9613,08/11/2013 12:18:50,12,https://github.com/bilibili/DanmakuFlameMaster.git,0,5.162790697674419,1.6104651162790697,47.50581395348837,172,13905,1340
seven332/EhViewer,9549,05/14/2014 12:03:52,11,https://github.com/seven332/EhViewer.git,0,6.89018302828619,1.7437603993344426,45.26289517470882,601,59175,7863
MyCATApache/Mycat-Server,9543,12/04/2014 02:46:54,11,https://github.com/MyCATApache/Mycat-Server.git,0,4.7358636715724245,1.2935708752904724,78.48799380325329,1291,154033,30593
liaohuqiu/android-Ultra-Pull-To-Refresh,9531,11/13/2014 03:13:10,11,https://github.com/liaohuqiu/android-Ultra-Pull-To-Refresh.git,0,4.0186335403726705,1.4037267080745341,19.142857142857142,161,6897,644
crossoverJie/cim,9489,05/20/2018 15:55:56,7,https://github.com/crossoverJie/cim.git,0,4.8341463414634145,1.278048780487805,8.014634146341463,205,11926,1841
umano/AndroidSlidingUpPanel,9484,05/31/2013 18:33:53,12,https://github.com/umano/AndroidSlidingUpPanel.git,0,4.9411764705882355,1.3529411764705883,132,17,3237,916
spring-projects/spring-security,9478,01/10/2012 21:50:57,14,https://github.com/spring-projects/spring-security.git,0,7.420150501672241,1.2571070234113713,10.497770345596432,7176,626983,159936
Justson/AgentWeb,9411,05/12/2017 07:45:56,8,https://github.com/Justson/AgentWeb.git,0,5.3984375,1.48828125,18.79296875,256,16447,2685
json-path/JsonPath,9394,01/24/2011 13:19:19,15,https://github.com/json-path/JsonPath.git,0,4.5859375,1.46875,29.390625,384,26379,3347
pockethub/PocketHub,9381,09/08/2011 16:52:50,14,https://github.com/pockethub/PocketHub.git,0,6.5754716981132075,1.4811320754716981,9.04245283018868,212,17389,5210
huanghaibin-dev/CalendarView,9370,03/11/2017 07:16:09,9,https://github.com/huanghaibin-dev/CalendarView.git,0,6.568181818181818,2.159090909090909,53.18181818181818,176,20085,4210
GcsSloop/AndroidNote,9340,01/04/2016 23:51:36,10,https://github.com/GcsSloop/AndroidNote.git,0,4.875,1.375,8.125,8,565,85
android/testing-samples,9302,10/11/2014 03:51:27,11,https://github.com/android/testing-samples.git,0,5.5,1.3488372093023255,3.1511627906976742,86,5537,1883
apache/jmeter,9290,05/26/2010 23:38:07,15,https://github.com/apache/jmeter.git,0,5.434757167934465,1.8414277355178468,62.22352252779403,1709,245870,67344
apache/seatunnel,9206,08/05/2017 09:14:47,8,https://github.com/apache/seatunnel.git,0,6.81826795527762,1.3583475459541405,32.04093234792496,5277,609365,95975
cats-oss/android-gpuimage,9157,10/04/2012 08:11:58,13,https://github.com/cats-oss/android-gpuimage.git,0,2.9607843137254903,2.156862745098039,11.300653594771243,153,11989,2600
flowable/flowable-engine,9152,10/13/2016 07:21:43,9,https://github.com/flowable/flowable-engine.git,0,6.430408719346049,1.5644686648501362,151.26942779291554,9175,1058319,178541
didi/VirtualAPK,9067,06/29/2017 07:25:05,8,https://github.com/didi/VirtualAPK.git,0,4.895705521472393,1.6134969325153374,17.57668711656442,163,10300,1345
HMCL-dev/HMCL,9013,06/22/2015 08:06:03,10,https://github.com/HMCL-dev/HMCL.git,0,6.471032745591939,1.6838790931989924,35.4867758186398,1588,138666,21916
alibaba/spring-ai-alibaba,8974,09/09/2024 01:35:50,1,https://github.com/alibaba/spring-ai-alibaba.git,0,6.126503525508088,1.1903774367482371,13.659892160929076,2411,234519,57286
KunMinX/Jetpack-MVVM-Best-Practice,8951,10/31/2019 05:21:01,6,https://github.com/KunMinX/Jetpack-MVVM-Best-Practice.git,0,4.840336134453781,1.6218487394957983,12,119,7445,1771
navasmdc/MaterialDesignLibrary,8944,09/30/2014 07:37:17,11,https://github.com/navasmdc/MaterialDesignLibrary.git,0,4.536585365853658,1.8170731707317074,6.7560975609756095,82,3773,247
Freelander/Android_Data,8919,04/04/2015 01:37:44,10,https://github.com/Freelander/Android_Data.git,0,2,1,3,2,186,30
LSPosed/LSPatch,8916,03/01/2021 19:38:36,5,https://github.com/LSPosed/LSPatch.git,0,4.342465753424658,1.3493150684931507,23.876712328767123,146,16183,6037
java-native-access/jna,8908,04/29/2011 13:30:29,14,https://github.com/java-native-access/jna.git,0,4.30746644295302,2.3238255033557045,44.586409395973156,2384,215385,102782
checkstyle/checkstyle,8902,08/31/2013 02:05:05,12,https://github.com/checkstyle/checkstyle.git,0,0,0,0,0,604329,123574
frohoff/ysoserial,8827,01/28/2015 07:13:55,11,https://github.com/frohoff/ysoserial.git,0,5.458333333333333,1.3416666666666666,8.891666666666667,120,6723,762
karatelabs/karate,8817,02/07/2017 15:59:17,9,https://github.com/karatelabs/karate.git,0,5.427335640138408,1.2006920415224913,149.7508650519031,578,120411,26408
PojavLauncherTeam/PojavLauncher,8809,03/11/2020 03:22:54,6,https://github.com/PojavLauncherTeam/PojavLauncher.git,0,5.756218905472637,1.4029850746268657,124.73134328358209,402,43837,5418
nathanmarz/storm,8789,09/17/2011 07:55:13,14,https://github.com/nathanmarz/storm.git,0,4.3689776733254995,1.2679200940070505,33.070505287896594,851,67458,11838
apache/shenyu,8783,07/11/2018 08:17:45,7,https://github.com/apache/shenyu.git,0,5.950530035335689,1.2277792878499592,18.23539005164447,3679,382517,136403
laobie/StatusBarUtil,8771,02/15/2016 03:06:06,10,https://github.com/laobie/StatusBarUtil.git,0,4.151515151515151,1.5454545454545454,22.545454545454547,33,1484,326
cabaletta/baritone,8760,08/01/2018 15:34:21,7,https://github.com/cabaletta/baritone.git,0,6.0951374207188165,1.3636363636363635,22.167019027484145,473,43194,11692
Blankj/awesome-java-leetcode,8737,04/17/2017 15:51:41,8,https://github.com/Blankj/awesome-java-leetcode.git,0,1.6805555555555556,1,1.1666666666666667,72,3103,939
apache/iceberg,8669,11/19/2018 16:26:46,7,https://github.com/apache/iceberg.git,0,8.353340184994861,1.6057553956834532,36.91017471736896,4865,1252286,163083
chrisbanes/Android-PullToRefresh,8665,11/29/2011 09:59:56,14,https://github.com/chrisbanes/Android-PullToRefresh.git,0,6.024390243902439,2.1341463414634148,55.84146341463415,82,6106,1536
ybq/Android-SpinKit,8653,03/20/2016 08:40:51,10,https://github.com/ybq/Android-SpinKit.git,0,4.816901408450704,3.1690140845070425,21.52112676056338,71,2864,313
amitshekhariitbhu/Android-Debug-Database,8646,11/16/2016 14:20:24,9,https://github.com/amitshekhariitbhu/Android-Debug-Database.git,0,4.147540983606557,1.278688524590164,8.80327868852459,61,4295,755
react-native-image-picker/react-native-image-picker,8637,06/08/2015 20:25:31,10,https://github.com/react-native-image-picker/react-native-image-picker.git,0,6.181818181818182,1.5454545454545454,66.18181818181819,11,1207,47
shwenzhang/AndResGuard,8635,10/11/2015 11:48:06,10,https://github.com/shwenzhang/AndResGuard.git,0,3.4242424242424243,1.5,22.37878787878788,66,8603,1173
testcontainers/testcontainers-java,8614,04/12/2015 12:44:59,10,https://github.com/testcontainers/testcontainers-java.git,0,5.031419284940411,1.47670639219935,21.77573131094258,923,68629,7906
dropwizard/dropwizard,8602,01/19/2011 19:52:29,15,https://github.com/dropwizard/dropwizard.git,0,5.940579710144927,1.5057971014492753,18.884057971014492,1380,77907,8982
airbnb/epoxy,8571,08/08/2016 23:05:11,9,https://github.com/airbnb/epoxy.git,0,6.699324324324325,1.7972972972972974,131,592,92218,11822
facebook/buck,8562,04/17/2013 18:12:18,12,https://github.com/facebook/buck.git,0,7.003348214285714,1.3543526785714286,26.196614583333332,10752,1060798,186687
google/tsunami-security-scanner,8556,06/03/2020 16:20:00,5,https://github.com/google/tsunami-security-scanner.git,0,6.224832214765101,1.5268456375838926,15.120805369127517,298,23846,5191
junit-team/junit4,8553,01/13/2009 03:41:26,17,https://github.com/junit-team/junit4.git,0,3.6594153636981646,1.3956492182188986,12.961250849762067,1471,45350,7419
chrisjenx/Calligraphy,8545,12/20/2013 02:35:45,12,https://github.com/chrisjenx/Calligraphy.git,0,5.72,1.44,11.36,25,1822,569
aeron-io/aeron,8535,02/07/2014 17:16:58,12,https://github.com/aeron-io/aeron.git,0,7.820474777448071,1.2759643916913948,119.10830860534125,1348,274568,51929
apache/beam,8528,02/02/2016 08:00:06,10,https://github.com/apache/beam.git,0,7.41727618932479,1.523363356102279,20.311007676963065,16543,1343791,255689
wildfirechat/im-server,8464,01/23/2019 15:21:28,7,https://github.com/wildfirechat/im-server.git,0,6.357142857142857,1.5463320463320462,112.30405405405405,1036,130683,21437
DImuthuUpe/AndroidPdfViewer,8463,06/02/2016 20:21:21,9,https://github.com/DImuthuUpe/AndroidPdfViewer.git,0,4.859649122807017,1.2456140350877194,76.7719298245614,57,5143,1035
hs-web/hsweb-framework,8403,01/18/2016 03:51:39,10,https://github.com/hs-web/hsweb-framework.git,0,6.102564102564102,1.3356643356643356,11.529137529137529,858,53916,8382
roughike/BottomBar,8386,03/16/2016 01:31:05,10,https://github.com/roughike/BottomBar.git,0,4.909090909090909,1.2878787878787878,61.666666666666664,66,4272,476
spring-projects/spring-ai,8326,06/27/2023 18:57:29,2,https://github.com/spring-projects/spring-ai.git,0,6.878388845855926,1.2021688613477923,28.20242705912729,3873,381517,80531
pentaho/pentaho-kettle,8323,10/08/2013 18:27:11,12,https://github.com/pentaho/pentaho-kettle.git,0,6.013027022269166,1.2700466508229908,81.93759352169704,11361,1246866,195073
bytedeco/javacv,8306,04/21/2014 13:50:26,11,https://github.com/bytedeco/javacv.git,0,6.125560538116592,2.1300448430493275,134.847533632287,223,32730,5039
alibaba/transmittable-thread-local,8270,10/13/2013 08:48:33,12,https://github.com/alibaba/transmittable-thread-local.git,0,5.587096774193548,1.4322580645161291,12.35483870967742,155,14368,5219
aritraroy/UltimateAndroidReference,8261,04/10/2017 07:28:27,8,https://github.com/aritraroy/UltimateAndroidReference.git,0,1,1,0,1,31,0
apache/shardingsphere-elasticjob,8222,09/11/2015 11:28:52,10,https://github.com/apache/shardingsphere-elasticjob.git,0,5.3624161073825505,1.1543624161073827,3.192953020134228,596,40227,12714
krahets/LeetCode-Book,8195,12/17/2021 14:16:02,4,https://github.com/krahets/LeetCode-Book.git,0,1.285425101214575,1.0020242914979758,0.08097165991902834,494,10751,2337
alibaba/atlas,8170,02/28/2017 06:31:43,9,https://github.com/alibaba/atlas.git,0,5.610223642172524,1.4331355545413054,29.925148334094022,2191,315355,140970
alibaba/otter,8133,08/09/2013 09:31:22,12,https://github.com/alibaba/otter.git,0,4.470679012345679,1.4537037037037037,32.454475308641975,1296,104032,26871
apache/tomcat,8129,10/01/2011 07:00:19,14,https://github.com/apache/tomcat.git,0,4.464255677039529,1.7935239697224559,182.42956265769556,4756,632644,168727
florent37/MaterialViewPager,8106,04/24/2015 17:53:15,10,https://github.com/florent37/MaterialViewPager.git,0,4.545454545454546,1.2954545454545454,9.386363636363637,44,2379,381
guolindev/LitePal,8084,02/20/2013 03:20:07,13,https://github.com/guolindev/LitePal.git,0,5.009950248756219,1.6517412935323383,49.44776119402985,201,22976,8420
LaurieWired/GhidraMCP,8064,03/23/2025 05:36:55,1,https://github.com/LaurieWired/GhidraMCP.git,0,16.333333333333332,1.6666666666666667,459,3,1689,197
junixapp/XPopup,8024,12/07/2018 06:16:48,7,https://github.com/junixapp/XPopup.git,0,4.704918032786885,1.5770491803278688,22.901639344262296,305,15365,2018
davemorrissey/subsampling-scale-image-view,8010,08/26/2013 16:45:25,12,https://github.com/davemorrissey/subsampling-scale-image-view.git,0,5.625,1.5833333333333333,79.72222222222223,72,5810,1140
Graylog2/graylog2-server,7989,05/17/2010 21:27:02,15,https://github.com/Graylog2/graylog2-server.git,0,8.18270944741533,1.3270944741532977,18.32543926661574,7854,632280,121103
gunnarmorling/1brc,7986,12/28/2023 09:13:24,2,https://github.com/gunnarmorling/1brc.git,0,3.1666666666666665,1.09,7.58,600,56568,7293
Netflix/SimianArmy,7983,07/06/2012 22:00:05,13,https://github.com/Netflix/SimianArmy.git,0,5.80327868852459,1.4131147540983606,25.160655737704918,305,32036,8835
JakeWharton/hugo,7913,11/25/2013 09:16:40,12,https://github.com/JakeWharton/hugo.git,0,5.714285714285714,1.1428571428571428,27.714285714285715,7,488,2
jeecgboot/jimureport,7893,12/05/2019 12:25:59,6,https://github.com/jeecgboot/jimureport.git,0,6.166666666666667,1,2.5,12,1082,462
exadel-inc/CompreFace,7859,07/06/2020 08:29:43,5,https://github.com/exadel-inc/CompreFace.git,0,7.831831831831832,1.2882882882882882,3.894894894894895,333,22581,2939
dropwizard/metrics,7851,02/26/2010 19:44:42,16,https://github.com/dropwizard/metrics.git,0,5.277322404371585,1.3647540983606556,9.140710382513662,732,48568,5096
HannahMitt/HomeMirror,7831,08/23/2015 03:20:08,10,https://github.com/HannahMitt/HomeMirror.git,0,2.727272727272727,1.0757575757575757,5.348484848484849,66,2463,154
lecho/hellocharts-android,7795,10/12/2014 09:12:37,11,https://github.com/lecho/hellocharts-android.git,0,6.42483660130719,1.6666666666666667,40.294117647058826,153,14014,1846
ChrisRM/material-theme-jetbrains,7766,09/23/2015 07:15:04,10,https://github.com/ChrisRM/material-theme-jetbrains.git,0,4.140056022408964,2.196078431372549,84.42296918767506,357,33498,9764
AntennaPod/AntennaPod,7759,07/31/2012 10:25:08,13,https://github.com/AntennaPod/AntennaPod.git,0,7.448717948717949,1.4848484848484849,20.848484848484848,858,77751,4186
Tencent/Shadow,7744,06/13/2019 10:50:27,6,https://github.com/Tencent/Shadow.git,0,4.208023774145617,1.7592867756315007,17.358098068350667,673,37018,7486
PowerJob/PowerJob,7718,03/16/2020 09:19:55,6,https://github.com/PowerJob/PowerJob.git,0,5.683443708609271,1.180132450331126,5.137748344370861,755,51226,11445
goldze/MVVMHabit,7709,07/21/2017 10:38:40,8,https://github.com/goldze/MVVMHabit.git,0,3.58307210031348,1.2727272727272727,15.764890282131661,319,14490,3347
MuntashirAkon/AppManager,7700,05/30/2020 04:08:56,5,https://github.com/MuntashirAkon/AppManager.git,0,7.729917773561037,1.4503478810879191,73.87096774193549,1581,177663,18861
trello-archive/RxLifecycle,7670,07/20/2015 13:32:23,10,https://github.com/trello-archive/RxLifecycle.git,0,6.45679012345679,1.654320987654321,1.4074074074074074,81,5244,815
vipshop/vjtools,7655,05/29/2018 09:07:08,7,https://github.com/vipshop/vjtools.git,0,3.1160949868073877,1.2770448548812665,26.30079155672823,379,29411,6077
FongMi/TV,7633,06/22/2022 09:10:23,3,https://github.com/FongMi/TV.git,0,6.417818740399386,1.4208909370199694,107.15053763440861,651,43429,1
mapstruct/mapstruct,7632,05/28/2012 12:42:42,13,https://github.com/mapstruct/mapstruct.git,0,3.823933402705515,1.1741935483870967,11.188969823100937,4805,211153,40018
gedoor/MyBookshelf,7624,06/12/2018 03:48:07,7,https://github.com/gedoor/MyBookshelf.git,0,5.822122571001494,1.4588938714499253,58.66218236173393,669,64094,6248
google/android-classyshark,7598,10/12/2015 13:40:48,10,https://github.com/google/android-classyshark.git,0,3.169811320754717,1.278301886792453,10.25,212,14094,2440
MinecraftForge/MinecraftForge,7567,01/30/2012 01:35:01,14,https://github.com/MinecraftForge/MinecraftForge.git,0,7.389487870619946,1.5727762803234502,32.69137466307278,1484,110258,22706
koush/AndroidAsync,7551,08/24/2012 07:27:04,13,https://github.com/koush/AndroidAsync.git,0,3.605893186003683,1.5322283609576428,19.44014732965009,543,22884,3013
kaushikgopal/RxJava-Android-Samples,7527,07/23/2014 05:13:52,11,https://github.com/kaushikgopal/RxJava-Android-Samples.git,0,6.627906976744186,1.8255813953488371,9.19767441860465,86,4286,178
kevin-wayne/algs4,7523,08/31/2015 09:28:49,10,https://github.com/kevin-wayne/algs4.git,0,3.996415770609319,1.021505376344086,47.46953405017921,279,56549,28020
swagger-api/swagger-core,7522,07/05/2011 23:44:11,14,https://github.com/swagger-api/swagger-core.git,0,4.598027127003699,1.2268803945745992,49.77188655980271,1622,95393,6343
Genymobile/gnirehtet,7506,02/09/2017 16:01:13,9,https://github.com/Genymobile/gnirehtet.git,0,3.765432098765432,1.1851851851851851,14.296296296296296,81,6515,1062
yuanguangxin/LeetCode,7492,01/11/2020 01:02:02,6,https://github.com/yuanguangxin/LeetCode.git,0,1.2413793103448276,1,0.8413793103448276,145,4497,415
dependency-check/DependencyCheck,7468,09/03/2012 20:43:30,13,https://github.com/dependency-check/DependencyCheck.git,0,6.50682261208577,1.7621832358674463,64.0682261208577,513,93086,34035
enso-org/enso,7436,12/16/2016 17:23:37,9,https://github.com/enso-org/enso.git,0,6.415423790469261,1.6566024008730447,36.565660240087304,2749,234878,25282
lenve/VBlog,7433,12/26/2017 11:01:55,8,https://github.com/lenve/VBlog.git,0,4.551724137931035,1.0344827586206897,29.06896551724138,29,1440,136
iflytek/astron-rpa,7408,09/20/2025 08:51:40,0,https://github.com/iflytek/astron-rpa.git,0,5.520491803278689,1.1383196721311475,38.19569672131148,976,85745,21585
dyc87112/SpringCloud-Learning,7396,08/21/2016 03:39:52,9,https://github.com/dyc87112/SpringCloud-Learning.git,0,5.654411764705882,1.0514705882352942,24.308823529411764,272,27229,5225
abel533/Mapper,7385,11/21/2014 11:02:10,11,https://github.com/abel533/Mapper.git,0,4.724137931034483,1.2435344827586208,36.23706896551724,464,38174,11535
gocd/gocd,7384,12/13/2013 05:26:16,12,https://github.com/gocd/gocd.git,0,7.42405303030303,1.2613636363636365,34.49848484848485,5280,451178,62473
Qihoo360/RePlugin,7349,06/08/2017 09:39:09,8,https://github.com/Qihoo360/RePlugin.git,0,5.125842696629213,1.4224719101123595,22.55505617977528,445,54321,17286
leolin310148/ShortcutBadger,7341,11/15/2013 12:51:52,12,https://github.com/leolin310148/ShortcutBadger.git,0,5.290322580645161,1.1612903225806452,3.4838709677419355,31,1692,240
square/dagger,7310,08/02/2012 23:25:32,13,https://github.com/square/dagger.git,0,3.180246913580247,1.2296296296296296,6.002469135802469,405,13562,3168
Bearded-Hen/Android-Bootstrap,7255,11/01/2013 15:36:17,12,https://github.com/Bearded-Hen/Android-Bootstrap.git,0,6.962025316455696,1.6708860759493671,31.39240506329114,79,14417,920
zhongyi-tong/WeChatLuckyMoney,7245,09/30/2015 16:11:20,10,https://github.com/zhongyi-tong/WeChatLuckyMoney.git,0,5.380952380952381,1.380952380952381,8.80952380952381,21,1307,87
Exrick/xmall,7245,07/28/2017 01:49:49,8,https://github.com/Exrick/xmall.git,0,4.251824817518248,1.186131386861314,661.521897810219,274,48055,1964
crazycodeboy/TakePhoto,7238,08/04/2015 02:05:32,10,https://github.com/crazycodeboy/TakePhoto.git,0,5.054545454545455,1.2545454545454546,10.89090909090909,55,3769,773
pedant/sweet-alert-dialog,7232,10/19/2014 09:24:09,11,https://github.com/pedant/sweet-alert-dialog.git,0,4.375,1.25,31.0625,16,1084,24
NanoHttpd/nanohttpd,7213,08/10/2012 21:52:42,13,https://github.com/NanoHttpd/nanohttpd.git,0,4.340277777777778,1.7916666666666667,22.15972222222222,144,12846,3655
cymcsg/UltimateRecyclerView,7195,01/28/2015 02:27:45,11,https://github.com/cymcsg/UltimateRecyclerView.git,0,5.214659685863874,1.693717277486911,41.39267015706806,382,25282,4713
wiremock/wiremock,7179,10/09/2011 20:27:24,14,https://github.com/wiremock/wiremock.git,0,5.752437703141928,1.3575297941495124,69.92307692307692,1846,156416,22336
didi/KnowStreaming,7178,03/19/2020 05:13:51,6,https://github.com/didi/KnowStreaming.git,0,6.898286937901499,1.8115631691648821,10.322269807280515,934,67478,7651
Alluxio/alluxio,7174,12/21/2012 17:43:46,13,https://github.com/Alluxio/alluxio.git,0,6.844549292277129,1.4802582567668239,30.658803079215296,4027,496590,119315
google/error-prone,7151,08/21/2014 23:26:50,11,https://github.com/google/error-prone.git,0,7.700622338683262,1.524729773992794,27.225352112676056,3053,396516,60273
apache/hertzbeat,7140,02/04/2022 14:48:56,4,https://github.com/apache/hertzbeat.git,0,6.986062717770035,1.2473867595818815,13.031939605110336,1722,172411,39672
google/agera,7135,12/17/2015 13:22:58,10,https://github.com/google/agera.git,0,6.327586206896552,1.2413793103448276,14.844827586206897,290,21081,4372
rest-assured/rest-assured,7126,10/21/2010 08:35:43,15,https://github.com/rest-assured/rest-assured.git,0,4.878223495702006,1.2120343839541547,106.90974212034384,698,81512,27881
h2pl/JavaTutorial,7121,05/01/2018 15:57:21,7,https://github.com/h2pl/JavaTutorial.git,0,0.3333333333333333,1,0.3333333333333333,3,41,9
traccar/traccar,7119,04/16/2012 08:33:49,13,https://github.com/traccar/traccar.git,0,5.526172300981461,1.8304252998909487,6.0038167938931295,1834,132300,16466
ogaclejapan/SmartTabLayout,7084,02/14/2015 11:25:51,11,https://github.com/ogaclejapan/SmartTabLayout.git,0,6.355555555555555,1.6444444444444444,9.71111111111111,45,3093,673
JakeWharton/ActionBarSherlock,7072,03/07/2011 17:28:54,15,https://github.com/JakeWharton/ActionBarSherlock.git,0,6.126463700234192,1.9718969555035128,63.39812646370024,427,42003,11060
Col-E/Recaf,7068,07/27/2017 06:01:10,8,https://github.com/Col-E/Recaf.git,0,8.265906362545017,1.5846338535414166,27.2953181272509,1666,161174,40891
CoderLeixiaoshuai/java-eight-part,7067,10/16/2020 16:27:04,5,https://github.com/CoderLeixiaoshuai/java-eight-part.git,0,0,0,0,0,0,0
naman14/Timber,7051,06/12/2015 16:43:55,10,https://github.com/naman14/Timber.git,0,5.399558498896247,1.4613686534216335,19.748344370860927,453,28386,3311
mrniko/netty-socketio,7024,01/12/2012 11:43:49,14,https://github.com/mrniko/netty-socketio.git,0,4.823863636363637,1.2556818181818181,32.10227272727273,176,11856,2779
NLPchina/elasticsearch-sql,7023,08/24/2014 14:26:31,11,https://github.com/NLPchina/elasticsearch-sql.git,0,9.512635379061372,1.9711191335740073,189.5234657039711,277,47296,2888
junit-team/junit-framework,6993,01/11/2015 19:06:10,11,https://github.com/junit-team/junit-framework.git,0,4.624860646599777,1.2971014492753623,35.71042363433668,3588,221766,54281
DroidPluginTeam/DroidPlugin,6976,08/27/2015 11:14:57,10,https://github.com/DroidPluginTeam/DroidPlugin.git,0,3.3027989821882953,4.388040712468193,3.699745547073791,786,28002,6145
alibaba/jvm-sandbox,6959,08/03/2017 02:55:31,8,https://github.com/alibaba/jvm-sandbox.git,0,3.393103448275862,1.3264367816091953,12.360919540229885,435,26891,5952
logisim-evolution/logisim-evolution,6922,09/19/2014 05:23:24,11,https://github.com/logisim-evolution/logisim-evolution.git,0,5.741951967296883,2.396525293817067,29.123658661216147,1957,215796,19957
macrozheng/springcloud-learning,6917,09/07/2019 02:36:16,6,https://github.com/macrozheng/springcloud-learning.git,0,4.546728971962617,1.0233644859813085,89.82242990654206,214,16520,2356
smuyyh/BookReader,6874,08/03/2016 05:17:27,9,https://github.com/smuyyh/BookReader.git,0,4.313304721030043,1.3347639484978542,25.32331902718169,699,44535,9222
rabbitmq/rabbitmq-tutorials,6873,09/21/2010 11:41:26,15,https://github.com/rabbitmq/rabbitmq-tutorials.git,0,4.8431372549019605,1,2.196078431372549,51,4560,515
Meituan-Dianping/walle,6866,01/10/2017 03:39:25,9,https://github.com/Meituan-Dianping/walle.git,0,3.148936170212766,1.1914893617021276,8.691489361702128,94,8593,3140
getActivity/AndroidProject,6864,10/23/2018 10:30:55,7,https://github.com/getActivity/AndroidProject.git,0,7.915531335149864,2.2534059945504086,19.852861035422343,367,28982,4866
hongyangAndroid/okhttputils,6857,08/17/2015 14:53:29,10,https://github.com/hongyangAndroid/okhttputils.git,0,3.7285714285714286,1.457142857142857,6.2,70,3473,257
vespa-engine/vespa,6836,06/03/2016 20:54:20,9,https://github.com/vespa-engine/vespa.git,0,5.987287392600385,1.5899526564965807,40.377169910573386,11406,944382,106112
guardianproject/haven,6798,03/01/2017 03:20:03,9,https://github.com/guardianproject/haven.git,0,6.822784810126582,1.3924050632911393,11.772151898734178,79,7731,865
zo0r/react-native-push-notification,6791,12/14/2015 19:53:36,10,https://github.com/zo0r/react-native-push-notification.git,0,6.310344827586207,1.2413793103448276,15.482758620689655,29,2675,155
raphw/byte-buddy,6788,11/25/2013 19:38:03,12,https://github.com/raphw/byte-buddy.git,0,5.668269230769231,1.5692307692307692,15.210897435897436,6240,333437,95147
Angel-ML/angel,6787,04/25/2017 05:57:43,8,https://github.com/Angel-ML/angel.git,0,7.259029927760578,1.721362229102167,63.43085655314758,1938,299429,46288
fuzhengwei/itstack-demo-design,6781,05/20/2020 13:45:30,5,https://github.com/fuzhengwei/itstack-demo-design.git,0,2.1148325358851676,1.1100478468899522,5.45933014354067,209,8426,904
527515025/springBoot,6773,11/07/2016 02:13:31,9,https://github.com/527515025/springBoot.git,0,5.103585657370518,1.155378486055777,16.62948207171315,251,15379,2262
gzu-liyujiang/AndroidPicker,6773,10/21/2015 14:21:16,10,https://github.com/gzu-liyujiang/AndroidPicker.git,0,5.435146443514644,1.6443514644351465,51.71548117154812,239,23813,5638
CeuiLiSA/Pixiv-Shaft,6772,04/01/2019 09:59:09,6,https://github.com/CeuiLiSA/Pixiv-Shaft.git,0,4.400375939849624,1.4426691729323309,25.51597744360902,1064,47793,4022
648540858/wvp-GB28181-pro,6739,11/14/2020 14:16:37,5,https://github.com/648540858/wvp-GB28181-pro.git,0,8.228535353535353,1.2878787878787878,34.10227272727273,792,90047,9876
Meituan-Dianping/Leaf,6736,12/11/2018 07:41:35,7,https://github.com/Meituan-Dianping/Leaf.git,0,3.475,1.425,11.25,40,1775,85
markzhai/AndroidPerformanceMonitor,6733,01/17/2016 05:23:22,10,https://github.com/markzhai/AndroidPerformanceMonitor.git,0,4.074074074074074,1.2777777777777777,14.074074074074074,54,3401,643
getActivity/XXPermissions,6708,06/15/2018 14:31:29,7,https://github.com/getActivity/XXPermissions.git,0,7.422360248447205,1.670807453416149,105.30434782608695,161,16685,3880
quartz-scheduler/quartz,6708,03/07/2016 14:05:37,10,https://github.com/quartz-scheduler/quartz.git,0,4.883399209486166,1.4328063241106719,124.5790513833992,506,81513,29604
zouzg/mybatis-generator-gui,6707,05/08/2016 22:39:39,9,https://github.com/zouzg/mybatis-generator-gui.git,0,7.17948717948718,1.4871794871794872,69.94871794871794,39,4338,245
hongyangAndroid/AndroidAutoLayout,6691,11/19/2015 02:09:11,10,https://github.com/hongyangAndroid/AndroidAutoLayout.git,0,5.833333333333333,2,8.807692307692308,78,4123,256
jOOQ/jOOQ,6685,04/17/2011 10:43:33,14,https://github.com/jOOQ/jOOQ.git,0,9.598457888493476,1.6542111506524317,1679.7283511269277,3372,792797,290985
Suwayomi/Suwayomi-Server,6684,12/23/2020 20:31:38,5,https://github.com/Suwayomi/Suwayomi-Server.git,0,5.405339805825243,1.6140776699029127,1495.5218446601941,412,89758,38903
apache/storm,6676,11/05/2013 08:00:14,12,https://github.com/apache/storm.git,0,5.321937966945891,1.2159836993434459,49.11976454607199,4417,404102,62284
yanzhenjie/AndPermission,6647,09/11/2016 05:17:34,9,https://github.com/yanzhenjie/AndPermission.git,0,3.994047619047619,1.1666666666666667,7.488095238095238,168,8063,2407
JesusFreke/smali,6616,09/23/2012 19:51:16,13,https://github.com/JesusFreke/smali.git,0,5.686631944444445,1.6137152777777777,15.016493055555555,1152,83537,25554
apache/zeppelin,6607,03/25/2015 07:00:06,11,https://github.com/apache/zeppelin.git,0,5.49833729216152,1.238479809976247,43.41947743467934,2105,205302,27721
hazelcast/hazelcast,6606,03/21/2012 12:25:18,14,https://github.com/hazelcast/hazelcast.git,0,7.804359351988218,1.738438880706922,44.93849779086892,16975,2022903,350718
pig-mesh/pig,6602,08/26/2019 03:24:53,6,https://github.com/pig-mesh/pig.git,0,6.879895561357702,1.3080939947780679,5.300261096605744,383,31651,13739
GrenderG/Toasty,6594,01/18/2017 18:52:41,9,https://github.com/GrenderG/Toasty.git,0,4.0625,1.0625,56.625,16,729,73
NLPchina/ansj_seg,6545,09/05/2012 05:56:24,13,https://github.com/NLPchina/ansj_seg.git,0,6.128440366972477,1.188073394495413,9.573394495412844,218,21563,2993
ximsfei/Android-skin-support,6521,01/12/2017 15:03:54,9,https://github.com/ximsfei/Android-skin-support.git,0,6.074468085106383,1.422872340425532,15.712765957446809,376,30478,2389
processing/processing,6496,01/24/2013 21:17:22,13,https://github.com/processing/processing.git,0,3.5,1.6073752711496747,507.76138828633407,922,180155,44698
nayuki/QR-Code-generator,6487,04/15/2016 02:19:41,9,https://github.com/nayuki/QR-Code-generator.git,0,3.9473684210526314,1.4210526315789473,19.57894736842105,19,4413,1486
hibernate/hibernate-orm,6465,10/04/2010 16:15:52,15,https://github.com/hibernate/hibernate-orm.git,0,6.874428274428275,1.335815535815536,75.02698922698923,26455,1964380,254408
ArthurHub/Android-Image-Cropper,6431,01/15/2015 10:49:37,11,https://github.com/ArthurHub/Android-Image-Cropper.git,0,7.725,1.375,70.375,40,8427,2054
freeok/so-novel,6431,05/23/2022 15:49:36,3,https://github.com/freeok/so-novel.git,0,5.857142857142857,1.1785714285714286,3.107142857142857,84,6007,686
wxiaoqi/Spring-Cloud-Platform,6429,05/25/2017 10:35:26,8,https://github.com/wxiaoqi/Spring-Cloud-Platform.git,0,4.790960451977401,1.4067796610169492,57.64971751412429,177,13023,3352
vinc3m1/RoundedImageView,6420,02/22/2013 01:17:37,13,https://github.com/vinc3m1/RoundedImageView.git,0,8.4,1.8,107.46666666666667,15,1913,302
jetlinks/jetlinks-community,6419,01/02/2020 07:27:34,6,https://github.com/jetlinks/jetlinks-community.git,0,7.850296176628971,1.2590199246095855,11.849757673667206,1857,146158,31671
Javen205/IJPay,6415,05/02/2017 03:15:32,8,https://github.com/Javen205/IJPay.git,0,5.511811023622047,1.3818897637795275,147.98031496062993,254,37197,12523
gephi/gephi,6412,10/22/2011 03:14:46,14,https://github.com/gephi/gephi.git,0,4.529529931699478,1.6709521896343913,29.455202892728003,2489,246401,28209
AsyncHttpClient/async-http-client,6409,03/07/2011 13:41:46,15,https://github.com/AsyncHttpClient/async-http-client.git,0,5.271043771043771,1.4831649831649831,49.41582491582491,594,50420,9185
micronaut-projects/micronaut-core,6394,03/07/2018 12:05:08,8,https://github.com/micronaut-projects/micronaut-core.git,0,5.621679270893931,1.307155322862129,36.029280589490014,5157,418635,131766
apache/flink-cdc,6385,07/27/2020 19:23:33,5,https://github.com/apache/flink-cdc.git,0,8.205576559546314,1.4475425330812854,28.626654064272213,2116,317060,47842
aa112901/remusic,6383,03/24/2016 06:20:39,10,https://github.com/aa112901/remusic.git,0,4.913609467455621,1.450887573964497,41.646153846153844,845,56413,7003
graphhopper/graphhopper,6381,02/18/2012 19:57:38,14,https://github.com/graphhopper/graphhopper.git,0,6.614336917562724,1.2559139784946236,31.736917562724013,1395,154329,28185
joelittlejohn/jsonschema2pojo,6367,06/22/2013 22:28:53,12,https://github.com/joelittlejohn/jsonschema2pojo.git,0,6.602996254681648,1.1573033707865168,46.53932584269663,267,30752,6540
haifengl/smile,6358,11/20/2014 16:28:12,11,https://github.com/haifengl/smile.git,0,0,0,0,0,466115,165782
DerekYRC/mini-spring,6355,11/17/2020 11:59:18,5,https://github.com/DerekYRC/mini-spring.git,0,3.423841059602649,1.218543046357616,5.086092715231788,151,5340,1129
wasabeef/richeditor-android,6348,03/30/2015 16:19:20,10,https://github.com/wasabeef/richeditor-android.git,0,2.4186046511627906,1.1395348837209303,46.95348837209303,43,900,59
sshahine/JFoenix,6346,09/08/2015 14:04:24,10,https://github.com/sshahine/JFoenix.git,0,6.915294117647059,1.6235294117647059,22.084705882352942,425,37544,7639
amitshekhariitbhu/from-java-to-kotlin,6337,05/21/2017 11:56:27,8,https://github.com/amitshekhariitbhu/from-java-to-kotlin.git,0,0.5,1,0,2,56,0
apache/iotdb,6301,11/24/2018 21:29:17,7,https://github.com/apache/iotdb.git,0,8.191881918819188,1.5893205990883439,111.54254395485131,9214,1564963,211390
lightbend/config,6296,12/06/2011 08:02:29,14,https://github.com/lightbend/config.git,0,5.485,2.055,76.245,200,19386,4801
koush/ion,6264,05/22/2013 07:41:23,12,https://github.com/koush/ion.git,0,4.536332179930795,1.4602076124567474,23.598615916955016,289,13438,1995
graphql-java/graphql-java,6234,07/06/2015 06:52:20,10,https://github.com/graphql-java/graphql-java.git,0,7.778104335047759,1.3210874357090374,36.373254959588536,1361,110982,16691
apache/incubator-kie-drools,6232,02/18/2011 08:37:05,15,https://github.com/apache/incubator-kie-drools.git,0,6.461905959265779,1.5643282206017937,65.08674880563238,11931,1266931,238470
ityouknow/spring-cloud-examples,6216,04/28/2017 08:48:53,8,https://github.com/ityouknow/spring-cloud-examples.git,0,3.9,1.0166666666666666,0.4666666666666667,60,2296,34
auth0/java-jwt,6207,03/07/2014 15:06:11,12,https://github.com/auth0/java-jwt.git,0,5.662790697674419,1.627906976744186,142.74418604651163,86,14219,1611
google/grafika,6160,12/19/2013 18:36:53,12,https://github.com/google/grafika.git,0,6.407766990291262,1.7475728155339805,6.893203883495145,103,14547,4377
apache/camel,6157,05/21/2009 00:25:36,16,https://github.com/apache/camel.git,0,4.818300008966197,1.607392629785708,80.69532861113602,44612,3554615,1055418
Vedenin/useful-java-links,6154,02/13/2016 13:14:52,10,https://github.com/Vedenin/useful-java-links.git,0,2.3041825095057034,1.0228136882129277,1.832699619771863,263,10275,1528
alipay/SoloPi,6148,03/14/2019 15:32:49,7,https://github.com/alipay/SoloPi.git,0,3.9444444444444446,1.205128205128205,13.135897435897435,1170,72234,13760
loks666/get_jobs,6146,03/07/2024 21:34:58,2,https://github.com/loks666/get_jobs.git,0,5.225,1,33.31666666666667,120,14685,2441
LandGrey/SpringBootVulExploit,6127,05/20/2020 09:18:44,5,https://github.com/LandGrey/SpringBootVulExploit.git,0,3.357142857142857,1,3.5714285714285716,14,572,5
vavr-io/vavr,6127,01/30/2014 14:07:25,12,https://github.com/vavr-io/vavr.git,0,7.462251655629139,1.2344370860927152,1009.1854304635762,755,127212,39474
obsidiandynamics/kafdrop,6126,05/27/2019 08:46:56,6,https://github.com/obsidiandynamics/kafdrop.git,0,5.54,1.32,28.19,100,6982,1116
apache/hudi,6125,12/14/2016 15:53:41,9,https://github.com/apache/hudi.git,0,9.064673581452105,1.5462680496237544,66.15436241610739,4917,703552,145642
ikew0ng/SwipeBackLayout,6104,08/25/2013 03:36:12,12,https://github.com/ikew0ng/SwipeBackLayout.git,0,5,1.3888888888888888,61.333333333333336,18,2772,821
rengwuxian/MaterialEditText,6099,10/30/2014 10:07:23,11,https://github.com/rengwuxian/MaterialEditText.git,0,5.653846153846154,1.3076923076923077,742.8461538461538,26,4844,834
google/google-java-format,6096,05/11/2015 20:38:28,10,https://github.com/google/google-java-format.git,0,6.298701298701299,1.4610389610389611,91.24675324675324,154,24084,4420
daimajia/NumberProgressBar,6094,05/01/2014 08:54:25,11,https://github.com/daimajia/NumberProgressBar.git,0,3.1666666666666665,1.3333333333333333,91.83333333333333,6,588,87
javaparser/javaparser,6065,10/30/2011 14:03:44,14,https://github.com/javaparser/javaparser.git,0,9.082886396879571,1.7528035104826913,303.7128230131643,2051,353835,86553
apache/pinot,6051,05/19/2014 23:27:48,11,https://github.com/apache/pinot.git,0,7.312798725438131,1.4770313329792883,57.440387679235265,7532,1079433,199206
ZhongFuCheng3y/austin,6047,11/06/2021 09:36:01,4,https://github.com/ZhongFuCheng3y/austin.git,0,6.192528735632184,1.1235632183908046,1.4511494252873562,348,19017,5753
google/j2objc,6046,01/30/2014 20:19:56,12,https://github.com/google/j2objc.git,0,3.5190462619929703,1.8870523415977962,116.09689370190938,10527,1877798,689680
apache/nifi,6026,12/12/2014 08:00:05,11,https://github.com/apache/nifi.git,0,7.357463899780051,1.4821650568996845,60.13531605623027,10457,1305203,229237
singwhatiwanna/dynamic-load-apk,6026,03/30/2014 11:51:00,11,https://github.com/singwhatiwanna/dynamic-load-apk.git,0,5.82258064516129,1.435483870967742,9.419354838709678,62,4060,601
apache/hive,6020,05/21/2009 02:31:01,16,https://github.com/apache/hive.git,0,0,0,0,0,2330198,340497
pedrovgs/EffectiveAndroidUI,6014,07/04/2014 08:42:20,11,https://github.com/pedrovgs/EffectiveAndroidUI.git,0,4.438356164383562,1.3424657534246576,11.616438356164384,73,4277,1510
jeequan/jeepay,6002,08/12/2017 02:40:32,8,https://github.com/jeequan/jeepay.git,0,8.503636363636364,1.950909090909091,4.290909090909091,550,49264,15601
robolectric/robolectric,6001,08/28/2010 00:28:25,15,https://github.com/robolectric/robolectric.git,0,5.86660127513487,1.3482099068170672,72.00711132908289,4078,388524,37730
opengoofy/hippo4j,5994,06/16/2021 02:59:48,4,https://github.com/opengoofy/hippo4j.git,0,4.4502487562189055,1.1824212271973467,5.932006633499171,1206,81926,29923
WeiYe-Jing/datax-web,5991,11/19/2019 01:09:05,6,https://github.com/WeiYe-Jing/datax-web.git,0,4.927444794952681,1.38801261829653,13.239747634069401,317,27344,6541
btraceio/btrace,5987,08/28/2014 18:58:24,11,https://github.com/btraceio/btrace.git,0,4.722651933701657,1.321546961325967,80.38011049723757,905,87965,21618
google/physical-web,5980,09/30/2014 18:32:14,11,https://github.com/google/physical-web.git,0,4.788461538461538,1.2884615384615385,26.71153846153846,156,11461,3016
00-Evan/shattered-pixel-dungeon,5976,07/31/2014 21:56:31,11,https://github.com/00-Evan/shattered-pixel-dungeon.git,0,5.8031125588128845,2.585595367354325,13.833514296055013,2763,223791,30199
rey5137/material,5967,12/09/2014 12:07:32,11,https://github.com/rey5137/material.git,0,6.511475409836065,1.6459016393442623,54.49508196721312,305,34444,4217
wyouflf/xUtils3,5959,10/28/2015 10:56:04,10,https://github.com/wyouflf/xUtils3.git,0,5.224770642201835,1.408256880733945,27.44954128440367,218,17143,2048
youtube/api-samples,5959,12/09/2013 18:41:41,12,https://github.com/youtube/api-samples.git,0,6.404761904761905,1,4.380952380952381,42,5870,1968
liyifeng1994/ssm,5939,06/18/2016 17:58:56,9,https://github.com/liyifeng1994/ssm.git,0,3.473684210526316,1.6842105263157894,2.0526315789473686,19,790,107
springfox/springfox,5938,05/06/2012 06:38:57,13,https://github.com/springfox/springfox.git,0,5.620811287477954,1.120811287477954,23.241622574955908,1134,78523,17040
JSQLParser/JSqlParser,5937,06/23/2011 22:51:52,14,https://github.com/JSQLParser/JSqlParser.git,0,6.113895216400911,1.55125284738041,507.627562642369,878,94075,11699
journeyapps/zxing-android-embedded,5935,11/28/2012 16:36:39,13,https://github.com/journeyapps/zxing-android-embedded.git,0,5.4375,1.3645833333333333,21.916666666666668,96,8600,2112
prolificinteractive/material-calendarview,5929,02/09/2015 22:31:56,11,https://github.com/prolificinteractive/material-calendarview.git,0,6.454545454545454,1.5340909090909092,69.01136363636364,88,6390,1211
antoniolg/androidmvp,5910,04/02/2014 05:42:20,11,https://github.com/antoniolg/androidmvp.git,0,3.2857142857142856,1.2857142857142858,3,14,578,120
Archmage83/tvapk,5908,07/29/2020 08:04:37,5,https://github.com/Archmage83/tvapk.git,0,0,0,0,0,0,0
weibocom/motan,5907,04/20/2016 10:56:17,9,https://github.com/weibocom/motan.git,0,5.613744075829384,1.4182464454976302,32.71800947867298,844,71133,14829
apache/fesod,5902,10/05/2024 11:42:50,1,https://github.com/apache/fesod.git,0,5.818181818181818,1.3668831168831168,30.274350649350648,616,60293,23178
amitshekhariitbhu/Fast-Android-Networking,5891,03/21/2016 18:35:44,10,https://github.com/amitshekhariitbhu/Fast-Android-Networking.git,0,3.219130434782609,1.2504347826086957,13.768695652173912,575,23615,3251
lets-blade/blade,5883,06/10/2015 03:35:49,10,https://github.com/lets-blade/blade.git,0,4.355048859934853,1.1856677524429968,42.156351791530945,307,28838,6453
JakeWharton/DiskLruCache,5865,01/05/2012 00:36:34,14,https://github.com/JakeWharton/DiskLruCache.git,0,3.25,1.3333333333333333,11,12,2358,378
ikarus23/MifareClassicTool,5861,02/12/2013 15:39:03,13,https://github.com/ikarus23/MifareClassicTool.git,0,11.121212121212121,2.272727272727273,110,33,13406,4208
PBH-BTN/PeerBanHelper,5858,02/07/2024 14:35:16,2,https://github.com/PBH-BTN/PeerBanHelper.git,0,6.429362880886426,1.3130193905817173,16.001385041551245,722,51330,3723
ffay/lanproxy,5857,11/20/2016 08:12:10,9,https://github.com/ffay/lanproxy.git,0,4.238095238095238,1.1904761904761905,8.206349206349206,63,3755,419
meefik/linuxdeploy,5797,08/21/2012 04:49:14,13,https://github.com/meefik/linuxdeploy.git,0,7.162162162162162,1.6486486486486487,35.891891891891895,37,4253,670
Nightonke/BoomMenu,5791,03/19/2016 12:04:12,10,https://github.com/Nightonke/BoomMenu.git,0,5.6347826086956525,1.5739130434782609,227.6695652173913,115,11017,1642
yarolegovich/DiscreteScrollView,5786,03/03/2017 23:38:54,9,https://github.com/yarolegovich/DiscreteScrollView.git,0,4.228571428571429,1.2476190476190476,19.114285714285714,105,4730,158
changmingxie/tcc-transaction,5776,12/05/2015 04:27:53,10,https://github.com/changmingxie/tcc-transaction.git,0,5.1502890173410405,1.2793834296724471,29.736030828516377,519,31764,2320
Nepxion/Discovery,5773,06/21/2018 16:16:49,7,https://github.com/Nepxion/Discovery.git,0,4.655797101449275,1.2729468599033817,18.80072463768116,828,48603,6219
dmytrodanylyk/circular-progress-button,5757,06/07/2014 12:58:48,11,https://github.com/dmytrodanylyk/circular-progress-button.git,0,3.9743589743589745,1.2820512820512822,25.333333333333332,39,1569,18
houbb/sensitive-word,5752,01/07/2020 03:10:44,6,https://github.com/houbb/sensitive-word.git,0,3.0526315789473686,1.1710526315789473,20.86842105263158,228,11081,3205
strimzi/strimzi-kafka-operator,5752,05/06/2016 08:52:33,9,https://github.com/strimzi/strimzi-kafka-operator.git,0,10.501312335958005,1.4763779527559056,45.36089238845145,1524,284862,49180
JanusGraph/janusgraph,5749,12/26/2016 13:26:29,9,https://github.com/JanusGraph/janusgraph.git,0,6.765295358649789,1.4467299578059072,43.95358649789029,1896,187296,35551
k0shk0sh/FastHub,5737,02/18/2017 17:53:16,9,https://github.com/k0shk0sh/FastHub.git,0,7.765524625267666,1.4582441113490363,34.75695931477516,934,59467,2421
dromara/lamp-cloud,5733,01/17/2018 02:51:04,8,https://github.com/dromara/lamp-cloud.git,0,7.76039119804401,1.2701711491442542,6.883863080684597,818,63269,19363
jagrosh/MusicBot,5729,08/14/2016 18:46:29,9,https://github.com/jagrosh/MusicBot.git,0,6.741935483870968,2.5053763440860215,10.591397849462366,93,7316,1451
redis/lettuce,5728,05/10/2014 13:08:46,11,https://github.com/redis/lettuce.git,0,6.3452623017486784,1.354209028060187,146.60227734851566,2459,304193,97952
ZHENFENG13/spring-boot-projects,5723,04/01/2017 01:50:14,8,https://github.com/ZHENFENG13/spring-boot-projects.git,0,4.299065420560748,1.074766355140187,9.102803738317757,107,6153,1053
yanzhenjie/SwipeRecyclerView,5718,08/03/2016 15:43:34,9,https://github.com/yanzhenjie/SwipeRecyclerView.git,0,4.8545454545454545,1.3890909090909092,26.970909090909092,275,18037,4238
ddd-by-examples/library,5714,01/11/2019 09:14:03,7,https://github.com/ddd-by-examples/library.git,0,6.788617886178862,1.0406504065040652,5.430894308943089,123,4141,20
jpush/aurora-imui,5708,12/13/2016 05:24:01,9,https://github.com/jpush/aurora-imui.git,0,4.807017543859649,1.5292397660818713,50.26900584795322,342,21455,1835
Devlight/InfiniteCycleViewPager,5703,08/22/2016 08:04:39,9,https://github.com/Devlight/InfiniteCycleViewPager.git,0,5.048780487804878,1.6341463414634145,102.53658536585365,41,4972,606
201206030/novel,5675,11/11/2019 01:13:52,6,https://github.com/201206030/novel.git,0,4.415841584158416,1.0693069306930694,20.425742574257427,202,13117,3619
springside/springside4,5666,02/23/2012 08:39:03,14,https://github.com/springside/springside4.git,0,3.165079365079365,1.276190476190476,24.784126984126985,315,22249,5241
crazycodeboy/react-native-splash-screen,5666,09/14/2016 10:43:55,9,https://github.com/crazycodeboy/react-native-splash-screen.git,0,3.4166666666666665,1.25,2,12,363,67
ElderDrivers/EdXposed,5664,01/18/2019 16:18:19,7,https://github.com/ElderDrivers/EdXposed.git,0,5.464130434782609,1.5402173913043478,191.0782608695652,920,141706,51474
JakeWharton/u2020,5661,11/14/2013 11:58:23,12,https://github.com/JakeWharton/u2020.git,0,6.223880597014926,1.4253731343283582,23.619402985074625,134,7277,607
wasabeef/Blurry,5660,07/23/2015 14:12:08,10,https://github.com/wasabeef/Blurry.git,0,5.142857142857143,1,0.6428571428571429,14,700,102
hanks-zyh/HTextView,5657,12/19/2015 16:34:59,10,https://github.com/hanks-zyh/HTextView.git,0,4.197802197802198,1.5604395604395604,3.4835164835164836,91,4234,226
microsoft/typespec,5650,06/30/2021 23:29:49,4,https://github.com/microsoft/typespec.git,0,8.845117845117844,1.1515151515151516,24.360058922558924,4752,691753,284351
daimajia/AndroidImageSlider,5620,06/02/2014 06:04:17,11,https://github.com/daimajia/AndroidImageSlider.git,0,4.063492063492063,1.5714285714285714,59.095238095238095,63,5659,969
osmandapp/OsmAnd,5608,01/15/2011 19:59:44,15,https://github.com/osmandapp/OsmAnd.git,0,8.751549755301795,1.5913539967373573,109.1278955954323,6130,746612,54927
TommyLemon/Android-ZBLibrary,5607,08/20/2015 16:03:53,10,https://github.com/TommyLemon/Android-ZBLibrary.git,0,5.377358490566038,1.559748427672956,26.666666666666668,318,29324,6321
hongyangAndroid/FlowLayout,5587,08/28/2015 09:32:31,10,https://github.com/hongyangAndroid/FlowLayout.git,0,4.323529411764706,1.411764705882353,5,34,1210,56
apache/hbase,5581,05/23/2014 07:00:07,11,https://github.com/apache/hbase.git,0,7.712040535898317,1.4798179319821367,70.167296461697,11644,1295321,249344
baidu/uid-generator,5581,03/27/2017 04:03:43,9,https://github.com/baidu/uid-generator.git,0,2.88,1.28,11.72,25,2385,1023
alibaba/jetcache,5573,04/12/2017 07:48:23,8,https://github.com/alibaba/jetcache.git,0,5.632286995515695,1.6300448430493273,15.908071748878923,446,26073,2453
hneemann/Digital,5567,06/28/2016 17:40:16,9,https://github.com/hneemann/Digital.git,0,4.85305448541552,1.6697853604843147,13.246009906439186,1817,125598,27677
mik3y/usb-serial-for-android,5565,06/30/2013 23:17:45,12,https://github.com/mik3y/usb-serial-for-android.git,0,6,1.375,39.541666666666664,72,9137,881
amlcurran/ShowcaseView,5562,08/14/2012 19:07:36,13,https://github.com/amlcurran/ShowcaseView.git,0,5.384615384615385,1.4,17.815384615384616,65,3512,762
alibaba/QLExpress,5552,03/15/2017 08:39:54,9,https://github.com/alibaba/QLExpress.git,0,5.236619718309859,1.4,44.00281690140845,355,23116,2339
SuperMonster003/AutoJs6,5552,12/01/2021 05:27:22,4,https://github.com/SuperMonster003/AutoJs6.git,0,5.113186813186813,1.460989010989011,42.40384615384615,1820,165011,23556
nhaarman/ListViewAnimations,5539,03/19/2013 11:59:23,13,https://github.com/nhaarman/ListViewAnimations.git,0,6.474452554744525,2.0583941605839415,10.459854014598541,137,10790,2884
knightliao/disconf,5533,05/30/2014 09:39:27,11,https://github.com/knightliao/disconf.git,0,4.381176470588235,1.3576470588235294,12.616470588235295,425,31304,7926
danikula/AndroidVideoCache,5516,04/01/2015 11:25:52,10,https://github.com/danikula/AndroidVideoCache.git,0,4.8311688311688314,1.4935064935064934,14.324675324675324,77,5024,408
wuhaoyu1990/MagicCamera,5515,01/08/2016 11:36:56,10,https://github.com/wuhaoyu1990/MagicCamera.git,0,3.539772727272727,1.46875,7.630681818181818,352,17878,1022
CaffeineMC/sodium,5513,02/01/2020 03:04:09,6,https://github.com/CaffeineMC/sodium.git,0,6.14572192513369,1.5147058823529411,17.196524064171122,748,52275,6008
cinit/QAuxiliary,5506,01/29/2022 06:12:36,4,https://github.com/cinit/QAuxiliary.git,0,6.803220035778176,1.3220035778175314,40.509838998211094,559,60780,10466
jindrapetrik/jpexs-decompiler,5490,05/10/2014 17:20:56,11,https://github.com/jindrapetrik/jpexs-decompiler.git,0,5.761024182076814,1.8594120436225698,60.9850640113798,4218,638851,171859
GeyserMC/Geyser,5486,07/08/2019 17:23:17,6,https://github.com/GeyserMC/Geyser.git,0,7.888644688644689,1.7904761904761906,34.03809523809524,1365,151956,46814
emilsjolander/StickyListHeaders,5482,03/11/2012 18:29:18,14,https://github.com/emilsjolander/StickyListHeaders.git,0,4.813953488372093,1.3953488372093024,3.9767441860465116,43,2781,226
Jasonchenlijian/FastBle,5476,08/23/2016 02:06:33,9,https://github.com/Jasonchenlijian/FastBle.git,0,4.380952380952381,1.2952380952380953,26.066666666666666,105,5172,355
motianhuo/wechat,5469,05/25/2015 02:33:37,10,https://github.com/motianhuo/wechat.git,0,4.709558823529412,1.2738970588235294,16.641544117647058,544,43321,4806
scribejava/scribejava,5469,09/05/2010 19:11:40,15,https://github.com/scribejava/scribejava.git,0,3.5303643724696356,1.3380566801619433,10.935222672064777,494,21059,1650
alibaba/freeline,5464,08/03/2016 17:22:52,9,https://github.com/alibaba/freeline.git,0,3.7037037037037037,1.6074074074074074,13.866666666666667,135,6968,763
liquibase/liquibase,5464,07/08/2011 20:08:20,14,https://github.com/liquibase/liquibase.git,0,6.779700115340254,1.7877739331026528,66.12687427912341,1734,160758,19039
KeepSafe/TapTargetView,5462,09/11/2016 09:07:36,9,https://github.com/KeepSafe/TapTargetView.git,0,4.512820512820513,1.1538461538461537,49.8974358974359,39,2563,368
sockeqwe/mosby,5460,03/25/2015 00:59:19,11,https://github.com/sockeqwe/mosby.git,0,5.229607250755287,1.4380664652567976,9.637462235649547,662,34509,9038
dm77/barcodescanner,5444,02/24/2014 21:14:09,12,https://github.com/dm77/barcodescanner.git,0,5.273972602739726,1.643835616438356,11.821917808219178,73,3581,135
TGX-Android/Telegram-X,5440,08/17/2021 17:09:25,4,https://github.com/TGX-Android/Telegram-X.git,0,8.998613518197574,1.3927209705372616,548.9199306759099,2885,491073,21390
apache/groovy,5438,04/16/2015 07:00:05,10,https://github.com/apache/groovy.git,0,5.230416372618207,2.1277346506704307,424.864149611856,2834,361801,109123
rubenlagus/TelegramBots,5428,01/14/2016 00:13:07,10,https://github.com/rubenlagus/TelegramBots.git,0,10.385572139303482,2.1417910447761193,11.309701492537313,804,60145,12820
spring-projects/spring-data-examples,5417,01/30/2014 15:42:43,12,https://github.com/spring-projects/spring-data-examples.git,0,2.6321562734785875,1.006160781367393,0.4692712246431255,6655,137170,15586
socketio/socket.io-client-java,5414,04/28/2013 17:04:05,12,https://github.com/socketio/socket.io-client-java.git,0,1.9213973799126638,1.0960698689956332,4.253275109170306,229,5009,241
facebookarchive/rebound,5405,10/11/2013 01:12:37,12,https://github.com/facebookarchive/rebound.git,0,4.287356321839081,1.3218390804597702,34.93103448275862,87,6461,1322
tonikelope/megabasterd,5405,09/29/2016 16:54:54,9,https://github.com/tonikelope/megabasterd.git,0,2.7611940298507465,1.4875621890547264,85.72139303482587,201,30250,631
coobird/thumbnailator,5399,07/25/2015 05:38:33,10,https://github.com/coobird/thumbnailator.git,0,4.089285714285714,1.2366071428571428,93.22321428571429,224,38242,15501
apache/dubbo-spring-boot-project,5396,01/18/2018 12:10:50,8,https://github.com/apache/dubbo-spring-boot-project.git,0,7.089887640449438,1.1685393258426966,11.92134831460674,89,6813,2133
killbill/killbill,5394,10/21/2012 20:55:05,13,https://github.com/killbill/killbill.git,0,8.634803921568627,1.8043300653594772,28.232843137254903,2448,277957,38247
LFDT-web3j/web3j,5384,09/04/2016 05:48:49,9,https://github.com/LFDT-web3j/web3j.git,0,4.130434782608695,1.584189723320158,35.47905138339921,1265,91035,11657
diffplug/spotless,5379,04/27/2015 19:10:58,10,https://github.com/diffplug/spotless.git,0,4.64247598719317,1.7310565635005337,13.91462113127001,937,65428,13792
facebookarchive/shimmer-android,5364,02/27/2015 22:25:22,11,https://github.com/facebookarchive/shimmer-android.git,0,8.571428571428571,1.8571428571428572,18,7,941,92
Evernote/android-job,5362,08/20/2015 19:36:54,10,https://github.com/Evernote/android-job.git,0,6.994708994708994,1.7671957671957672,32.00529100529101,189,17226,3135
pmd/pmd,5359,07/11/2012 18:03:00,13,https://github.com/pmd/pmd.git,0,5.534273213417598,1.9557608167233835,43.640009722897425,4114,255451,51539
h6ah4i/android-advancedrecyclerview,5339,01/24/2015 16:14:39,11,https://github.com/h6ah4i/android-advancedrecyclerview.git,0,6.572151898734178,2.3949367088607594,32.02278481012658,395,34925,7470
commonsguy/cw-omnibus,5337,03/12/2012 14:12:06,14,https://github.com/commonsguy/cw-omnibus.git,0,5.346907216494845,1.7829896907216496,20.204639175257732,1940,154803,17703
remkop/picocli,5335,02/01/2017 16:38:41,9,https://github.com/remkop/picocli.git,0,2.816347469220246,1.109439124487004,59.14021887824897,2924,98293,12123
jgilfelt/SystemBarTint,5334,11/17/2013 12:35:05,12,https://github.com/jgilfelt/SystemBarTint.git,0,8,1.7777777777777777,22.555555555555557,9,1192,271
runelite/runelite,5332,04/30/2016 20:48:02,9,https://github.com/runelite/runelite.git,0,3.380384521781455,1.2085665612071064,24.54611827695303,4109,856006,243552
gsantner/markor,5329,08/26/2017 00:08:35,8,https://github.com/gsantner/markor.git,0,6.854651162790698,1.4767441860465116,129.50872093023256,344,39080,4090
google/google-authenticator,5322,10/08/2014 17:54:27,11,https://github.com/google/google-authenticator.git,0,3.8852459016393444,1.6885245901639345,29.65573770491803,61,6055,1887
XRecyclerView/XRecyclerView,5322,11/18/2015 08:14:22,10,https://github.com/XRecyclerView/XRecyclerView.git,0,3.9096385542168677,1.4216867469879517,9.042168674698795,166,6020,396
allure-framework/allure2,5321,05/27/2016 14:06:05,9,https://github.com/allure-framework/allure2.git,0,5.802768166089965,1.3044982698961938,13.771626297577855,289,26185,5393
dunwu/db-tutorial,5319,08/08/2017 06:33:38,8,https://github.com/dunwu/db-tutorial.git,0,5.205741626794258,1.1818181818181819,32.60765550239235,209,18695,3049
mybatis/generator,5317,02/10/2013 11:14:50,13,https://github.com/mybatis/generator.git,0,6.613037447988904,2.350901525658807,85.63384188626907,721,115424,13350
Doikki/DKVideoPlayer,5308,04/11/2017 01:33:38,8,https://github.com/Doikki/DKVideoPlayer.git,0,5.318302387267905,1.5915119363395225,46.753315649867375,377,28507,3444
LWJGL/lwjgl3,5304,12/23/2012 15:40:04,13,https://github.com/LWJGL/lwjgl3.git,0,6.7243680105253265,2.216802932055258,865.5031482003571,10641,1670499,488765
zfdang/Android-Touch-Helper,5289,10/16/2020 00:58:41,5,https://github.com/zfdang/Android-Touch-Helper.git,0,4.127272727272727,1.1818181818181819,1.9454545454545455,55,2325,219
Fuzion24/JustTrustMe,5289,07/24/2014 23:45:05,11,https://github.com/Fuzion24/JustTrustMe.git,0,2.2962962962962963,1.1851851851851851,2.7037037037037037,27,696,63
evant/gradle-retrolambda,5283,08/05/2013 02:09:58,12,https://github.com/evant/gradle-retrolambda.git,0,4.6,1.04,2.16,25,2299,74
Docile-Alligator/Infinity-For-Reddit,5271,07/26/2018 15:02:51,7,https://github.com/Docile-Alligator/Infinity-For-Reddit.git,0,6.82875,1.545,31.3475,1600,114220,3845
yixia/VitamioBundle,5269,10/19/2012 08:40:49,13,https://github.com/yixia/VitamioBundle.git,0,4.9504950495049505,1.316831683168317,75.06930693069307,101,9028,2221
xxv/android-lifecycle,5266,04/18/2014 14:26:22,11,https://github.com/xxv/android-lifecycle.git,0,7,1.6666666666666667,151.66666666666666,6,762,11
citerus/dddsample-core,5264,01/31/2015 23:21:37,11,https://github.com/citerus/dddsample-core.git,0,7.089171974522293,1.127388535031847,7.031847133757962,157,9738,1179
CodingDocs/springboot-guide,5263,11/28/2018 01:05:07,7,https://github.com/CodingDocs/springboot-guide.git,0,4.093525179856115,1.1798561151079137,1.3525179856115108,139,5189,590
lingochamp/okdownload,5258,12/17/2017 08:21:22,8,https://github.com/lingochamp/okdownload.git,0,6.437317784256559,1.2653061224489797,35.25947521865889,343,33881,6247
razerdp/BasePopup,5257,01/15/2016 03:31:07,10,https://github.com/razerdp/BasePopup.git,0,5.401408450704225,1.5264084507042253,34.33098591549296,568,37483,4029
thinkaurelius/titan,5237,02/25/2012 22:53:53,14,https://github.com/thinkaurelius/titan.git,0,5.711417816813049,1.3601003764115434,20.50564617314931,1594,107842,15211
j-easy/easy-rules,5236,03/10/2013 14:38:26,13,https://github.com/j-easy/easy-rules.git,0,5.092592592592593,1.3148148148148149,7.62962962962963,162,12277,4729
Yalantis/Side-Menu.Android,5234,01/13/2015 11:11:27,11,https://github.com/Yalantis/Side-Menu.Android.git,0,3.888888888888889,1.2222222222222223,4.111111111111111,18,602,26
novicezk/midjourney-proxy,5232,04/24/2023 13:43:45,2,https://github.com/novicezk/midjourney-proxy.git,0,5.9,1.2444444444444445,5.811111111111111,90,4683,264
huangyanbin/smartTable,5231,11/08/2017 01:11:14,8,https://github.com/huangyanbin/smartTable.git,0,5.09065934065934,1.1895604395604396,25.928571428571427,364,19305,2998
CellularPrivacy/Android-IMSI-Catcher-Detector,5224,11/23/2013 10:04:14,12,https://github.com/CellularPrivacy/Android-IMSI-Catcher-Detector.git,0,5.059760956175299,1.3306772908366533,4.964143426294821,251,16571,2859
lucasr/twoway-view,5218,01/18/2013 20:55:23,13,https://github.com/lucasr/twoway-view.git,0,6.078431372549019,1.8235294117647058,86.58823529411765,51,4643,414
reactor/reactor-core,5213,11/10/2015 10:06:40,10,https://github.com/reactor/reactor-core.git,0,6.838537020517395,1.537020517395183,122.37912578055308,2242,301035,48004
bitcoinj/bitcoinj,5212,11/19/2013 04:33:23,12,https://github.com/bitcoinj/bitcoinj.git,0,6.2576,1.7152,87.9696,625,90301,25920
Karumi/Dexter,5208,11/17/2015 13:14:43,10,https://github.com/Karumi/Dexter.git,0,4.425,1.2,4.15,80,3827,1084
oshi/oshi,5197,02/10/2012 12:46:48,14,https://github.com/oshi/oshi.git,0,4.913870246085011,1.5973154362416107,32.313199105145415,894,90181,19185
brianfrankcooper/YCSB,5196,04/19/2010 20:52:11,15,https://github.com/brianfrankcooper/YCSB.git,0,7.029661016949152,1.6355932203389831,7.851694915254237,236,40614,9933
hustcc/JS-Sorting-Algorithm,5194,01/19/2017 11:36:21,9,https://github.com/hustcc/JS-Sorting-Algorithm.git,0,3.5833333333333335,1,2.8333333333333335,12,639,100
zhanglei-workspace/shopping-management-system,5191,11/16/2015 12:53:21,10,https://github.com/zhanglei-workspace/shopping-management-system.git,0,3.5670103092783507,1.3608247422680413,76.48453608247422,97,9792,1864
Clans/FloatingActionButton,5188,03/21/2015 12:36:16,11,https://github.com/Clans/FloatingActionButton.git,0,4.638297872340425,1.3829787234042554,139.68085106382978,47,3276,123
Exrick/xpay,5182,12/12/2017 16:11:19,8,https://github.com/Exrick/xpay.git,0,6.428571428571429,1,93.42857142857143,21,2440,300
android/views-widgets-samples,5181,09/06/2019 21:39:12,6,https://github.com/android/views-widgets-samples.git,0,4.026315789473684,1.730263157894737,7.0131578947368425,152,13264,3505
killme2008/aviatorscript,5177,03/29/2011 12:48:47,14,https://github.com/killme2008/aviatorscript.git,0,4.234732824427481,1.4866412213740459,63.152671755725194,524,63062,11699
baomidou/dynamic-datasource,5155,04/28/2018 02:32:16,7,https://github.com/baomidou/dynamic-datasource.git,0,5.410112359550562,1.1404494382022472,2.3258426966292136,178,12254,4168
careercup/ctci,5145,03/21/2013 23:01:01,13,https://github.com/careercup/ctci.git,0,1.8681672025723473,1.1189710610932475,5.096463022508039,311,15555,692
square/otto,5135,06/27/2012 19:06:49,13,https://github.com/square/otto.git,0,2.4352941176470586,1.388235294117647,3.552941176470588,85,3009,816
natario1/CameraView,5127,07/18/2017 09:30:33,8,https://github.com/natario1/CameraView.git,0,5.468164794007491,1.3726591760299625,34.762172284644194,534,34406,6413
deathmarine/Luyten,5116,07/11/2013 10:57:28,12,https://github.com/deathmarine/Luyten.git,0,2.3488372093023258,1.5426356589147288,15.449612403100776,129,6683,274
tianshiyeben/wgcloud,5115,01/15/2019 02:02:21,7,https://github.com/tianshiyeben/wgcloud.git,0,6.0508474576271185,1.194915254237288,34.54237288135593,118,11913,2556
apache/calcite,5104,06/25/2014 07:00:07,11,https://github.com/apache/calcite.git,0,7.520742926575247,1.6844297864954,404.02603714632875,5761,705728,158809
youlookwhat/DesignPattern,5100,10/21/2016 10:59:32,9,https://github.com/youlookwhat/DesignPattern.git,0,2.5380710659898478,1.2791878172588833,1.4263959390862944,197,5386,1181
line/armeria,5085,11/16/2015 04:04:01,10,https://github.com/line/armeria.git,0,6.322240140741827,1.3050872306113472,32.65811464594634,6821,615610,136294
spring-projects/spring-authorization-server,5083,03/17/2020 17:28:57,6,https://github.com/spring-projects/spring-authorization-server.git,0,9.804769001490312,1.3934426229508197,16.87928464977645,671,94854,19803
sofastack/sofa-boot,5078,04/02/2018 08:28:14,7,https://github.com/sofastack/sofa-boot.git,0,5.079593564775614,1.1939034716342083,17.818797629127857,1181,77780,23967
xuexiangjys/XUI,5073,01/07/2019 07:59:02,7,https://github.com/xuexiangjys/XUI.git,0,5.608931804465902,1.5745322872661436,52.71031985515993,1657,153940,38213
bisq-network/bisq,5070,03/12/2014 09:42:29,12,https://github.com/bisq-network/bisq.git,0,7.336921420882669,1.6585037674919267,30.157427341227127,3716,344615,56871
OpenTSDB/opentsdb,5064,08/27/2010 02:05:20,15,https://github.com/OpenTSDB/opentsdb.git,0,6.792275574112735,1.2839248434237995,64.87578288100208,958,161143,27683
apache/ignite,5059,02/19/2015 08:00:05,11,https://github.com/apache/ignite.git,0,5.566587789872219,1.6190724088973023,493.66128726928537,21130,2307477,615212
Sayi/poi-tl,5053,03/20/2015 06:47:52,11,https://github.com/Sayi/poi-tl.git,0,5.660952380952381,1.2,89.65523809523809,525,37302,6463
wequick/Small,5042,11/27/2015 11:37:20,10,https://github.com/wequick/Small.git,0,3.8,1.4756756756756757,20.167567567567566,185,8996,1417
2227324689/gpmall,5040,07/18/2019 14:09:22,6,https://github.com/2227324689/gpmall.git,0,4.882075471698113,1.3443396226415094,8.169811320754716,424,21223,4810
jankotek/mapdb,5036,08/17/2012 15:28:54,13,https://github.com/jankotek/mapdb.git,0,3.2395437262357416,2.0228136882129277,81.84790874524715,263,26549,4213
javastacks/spring-boot-best-practice,5036,11/09/2018 06:23:18,7,https://github.com/javastacks/spring-boot-best-practice.git,0,5,1.0923076923076922,3.2615384615384615,195,6636,945
Kodezi/Chronos,5035,07/21/2025 07:34:10,0,https://github.com/Kodezi/Chronos.git,0,3.2,1,0.4,5,717977,39207
Trinea/android-common,5023,06/19/2012 07:49:46,13,https://github.com/Trinea/android-common.git,0,4.445454545454545,1.2454545454545454,43.06363636363636,110,13826,5757
yipianfengye/android-zxingLibrary,5018,07/26/2016 08:00:18,9,https://github.com/yipianfengye/android-zxingLibrary.git,0,4.711538461538462,1.3269230769230769,5.634615384615385,52,3513,812
youlookwhat/CloudReader,5008,11/20/2016 11:59:25,9,https://github.com/youlookwhat/CloudReader.git,0,4.747967479674797,1.4552845528455285,19.41260162601626,492,24145,3457
apache/maven,5002,05/21/2009 03:22:03,16,https://github.com/apache/maven.git,0,5.291766586730615,1.5310418332001066,46.02637889688249,3753,363259,108008
rubensousa/GravitySnapHelper,5000,08/31/2016 07:25:23,9,https://github.com/rubensousa/GravitySnapHelper.git,0,6.857142857142857,1.5714285714285714,66,7,956,220
ageerle/ruoyi-ai,4995,01/16/2024 04:16:41,2,https://github.com/ageerle/ruoyi-ai.git,0,6.987912087912088,1.2736263736263735,9.613186813186813,910,77700,25364
JodaOrg/joda-time,4989,05/16/2011 16:49:57,14,https://github.com/JodaOrg/joda-time.git,0,7.190305206463195,2.005385996409336,295.37881508078993,557,149118,44916
DingMouRen/LayoutManagerGroup,4988,04/28/2018 11:47:38,7,https://github.com/DingMouRen/LayoutManagerGroup.git,0,4.9523809523809526,1.5714285714285714,9.142857142857142,63,3873,476
spring-attic/spring-mvc-showcase,4985,06/03/2011 15:36:55,14,https://github.com/spring-attic/spring-mvc-showcase.git,0,5.172413793103448,1.206896551724138,9.448275862068966,58,2911,44
rstudio/rstudio,4976,12/07/2010 19:10:25,15,https://github.com/rstudio/rstudio.git,0,4.810181311018131,1.2655509065550907,372.06694560669456,7170,437243,61288
orhanobut/dialogplus,4975,12/12/2014 09:24:44,11,https://github.com/orhanobut/dialogplus.git,0,5.241379310344827,1.0344827586206897,57.86206896551724,29,1610,294
alibaba/UltraViewPager,4966,03/29/2017 13:31:53,8,https://github.com/alibaba/UltraViewPager.git,0,5.208333333333333,1.375,58.375,24,2757,693
spring-cloud/spring-cloud-netflix,4963,07/11/2014 15:46:12,11,https://github.com/spring-cloud/spring-cloud-netflix.git,0,7.364016736401673,1.1924686192468619,94.40167364016736,239,18122,3378
roncoo/roncoo-pay,4963,07/21/2016 02:46:06,9,https://github.com/roncoo/roncoo-pay.git,0,4.835051546391752,1.2706185567010309,63.7680412371134,388,45228,15017
querydsl/querydsl,4960,08/05/2011 06:46:32,14,https://github.com/querydsl/querydsl.git,0,5.045482673267327,1.8954207920792079,42.900680693069305,3232,195582,43581
frogermcs/InstaMaterial,4954,11/10/2014 18:56:49,11,https://github.com/frogermcs/InstaMaterial.git,0,4.7875,1.5375,9.9375,80,2932,74
react-native-config/react-native-config,4954,02/23/2016 00:19:11,10,https://github.com/react-native-config/react-native-config.git,0,4.6,1.5,1.95,20,656,77
react-native-webrtc/react-native-webrtc,4950,09/27/2015 10:57:30,10,https://github.com/react-native-webrtc/react-native-webrtc.git,0,6.119402985074627,1.1492537313432836,8.656716417910447,67,5748,726
orientechnologies/orientdb,4943,12/09/2012 20:33:47,13,https://github.com/orientechnologies/orientdb.git,0,6.439115113547377,1.6035630383711825,312.58907595927957,5108,722746,62153
HeliBorg/HeliBoard,4935,03/09/2022 08:38:32,4,https://github.com/HeliBorg/HeliBoard.git,0,6.641666666666667,1.4625,74.5375,240,34560,6053
Devlight/NavigationTabBar,4935,03/29/2016 08:59:27,9,https://github.com/Devlight/NavigationTabBar.git,0,4.017241379310345,1.3103448275862069,57.5,58,3386,241
DiUS/java-faker,4926,06/06/2011 01:01:21,14,https://github.com/DiUS/java-faker.git,0,3.986666666666667,1.448888888888889,40.74666666666667,225,11810,1162
amitshekhariitbhu/RxJava2-Android-Samples,4926,08/27/2016 08:21:37,9,https://github.com/amitshekhariitbhu/RxJava2-Android-Samples.git,0,3.6648648648648647,1.2540540540540541,6.286486486486487,185,5082,417
traex/RippleEffect,4904,10/14/2014 13:32:51,11,https://github.com/traex/RippleEffect.git,0,3.4210526315789473,1.368421052631579,23.157894736842106,19,857,158
fuzhengwei/small-spring,4900,05/15/2021 06:07:28,4,https://github.com/fuzhengwei/small-spring.git,0,3.135593220338983,1.2627118644067796,10.951977401129943,354,57529,16185
angryip/ipscan,4897,06/28/2011 20:58:48,14,https://github.com/angryip/ipscan.git,0,4.851648351648351,1.6895604395604396,4.354395604395604,364,18759,2540
cglib/cglib,4895,03/29/2014 13:48:30,11,https://github.com/cglib/cglib.git,0,3.2048192771084336,1.5120481927710843,261.7971887550201,498,22469,4321
Ramotion/folding-cell-android,4894,04/01/2016 11:38:47,9,https://github.com/Ramotion/folding-cell-android.git,0,4.142857142857143,1.3333333333333333,13.380952380952381,21,1279,193
Threekiii/Awesome-POC,4886,02/20/2022 06:43:22,4,https://github.com/Threekiii/Awesome-POC.git,0,7,2,0,1,56,0
reactive-streams/reactive-streams-jvm,4872,02/28/2014 13:16:15,12,https://github.com/reactive-streams/reactive-streams-jvm.git,0,3.122004357298475,1.2766884531590414,20.335511982570807,459,13398,2591
zhkl0228/unidbg,4869,02/26/2019 09:32:15,7,https://github.com/zhkl0228/unidbg.git,0,5.136707388016289,1.4921465968586387,28.68411867364747,1719,98274,2122
mock-server/mockserver,4860,02/26/2013 06:09:52,13,https://github.com/mock-server/mockserver.git,0,7.098286744815149,1.6212804328223624,95.82236248872859,1109,187074,14513
spring-cloud/spring-cloud-gateway,4842,11/16/2016 21:42:51,9,https://github.com/spring-cloud/spring-cloud-gateway.git,0,6.786977491961415,1.3319935691318328,16.567524115755628,1244,83977,15400
micrometer-metrics/micrometer,4833,04/10/2017 21:36:51,8,https://github.com/micrometer-metrics/micrometer.git,0,5.628968253968254,1.2787698412698412,19.99950396825397,2016,196892,46592
mcxiaoke/packer-ng-plugin,4814,11/24/2015 04:08:08,10,https://github.com/mcxiaoke/packer-ng-plugin.git,0,2.806451612903226,1.3870967741935485,18.64516129032258,31,2557,402
andkulikov/Transitions-Everywhere,4798,10/15/2014 03:37:03,11,https://github.com/andkulikov/Transitions-Everywhere.git,0,6.870466321243524,1.6787564766839378,25.72020725388601,193,15280,4340
deepjavalibrary/djl,4794,10/29/2019 22:38:54,6,https://github.com/deepjavalibrary/djl.git,0,6.407074340527578,1.4532374100719425,132.8729016786571,1668,197244,58731
claritylab/lucida,4790,05/13/2014 17:12:49,11,https://github.com/claritylab/lucida.git,0,5.891791044776119,1.544776119402985,23.51865671641791,268,39798,11968
oracle/opengrok,4785,01/07/2013 11:49:18,13,https://github.com/oracle/opengrok.git,0,5.108885017421603,1.505226480836237,78.44163763066202,1148,149362,43936
tuguangquan/mybatis,4776,11/03/2014 04:51:06,11,https://github.com/tuguangquan/mybatis.git,0,3.6669874879692013,1.2666025024061598,21.467757459095285,1039,71736,19155
ronmamo/reflections,4774,04/16/2013 16:19:26,12,https://github.com/ronmamo/reflections.git,0,2.771573604060914,1.1522842639593909,13.65989847715736,197,6531,1020
etsy/AndroidStaggeredGrid,4771,12/09/2013 19:43:45,12,https://github.com/etsy/AndroidStaggeredGrid.git,0,5.861111111111111,1.8611111111111112,155.88888888888889,36,5279,848
tencentmusic/supersonic,4767,06/12/2023 07:23:28,2,https://github.com/tencentmusic/supersonic.git,0,6.212653778558876,1.2785588752196837,46.020210896309315,1138,76550,2957
TheoKanning/openai-java,4764,09/15/2020 02:58:52,5,https://github.com/TheoKanning/openai-java.git,0,5.387878787878788,1.084848484848485,15.55151515151515,165,7916,1833
zq2599/blog_demos,4758,04/09/2017 04:51:56,8,https://github.com/zq2599/blog_demos.git,0,3.9736983360171765,1.1964573268921095,14.790660225442835,1863,133476,36486
saiwu-bigkoo/Android-ConvenientBanner,4757,12/23/2014 06:12:33,11,https://github.com/saiwu-bigkoo/Android-ConvenientBanner.git,0,4.827586206896552,1.4482758620689655,7.793103448275862,29,1378,232
dromara/dynamic-tp,4754,01/07/2022 16:35:27,4,https://github.com/dromara/dynamic-tp.git,0,4.784452296819788,1.2862190812720848,17.742049469964666,566,48605,16960
nisrulz/android-tips-tricks,4752,08/25/2016 20:27:33,9,https://github.com/nisrulz/android-tips-tricks.git,0,1,1,0,1,31,0
zlt2000/microservices-platform,4749,03/07/2019 07:13:37,7,https://github.com/zlt2000/microservices-platform.git,0,6.2592592592592595,1.2307692307692308,6.435897435897436,351,19449,5023
kyleduo/SwitchButton,4747,09/09/2014 07:20:43,11,https://github.com/kyleduo/SwitchButton.git,0,4.37037037037037,1.4074074074074074,82.48148148148148,27,1837,106
grobidOrg/grobid,4742,09/13/2012 15:48:54,13,https://github.com/grobidOrg/grobid.git,0,4.773684210526316,1.2456140350877194,139.37543859649122,570,99991,10609
hongyangAndroid/baseAdapter,4732,08/03/2015 02:55:51,10,https://github.com/hongyangAndroid/baseAdapter.git,0,4.88,1.32,18.28,50,2552,120
saysky/ForestBlog,4721,10/08/2017 15:27:47,8,https://github.com/saysky/ForestBlog.git,0,5.104651162790698,1.069767441860465,12.686046511627907,86,6690,2057
stleary/JSON-java,4717,12/21/2010 17:46:09,15,https://github.com/stleary/JSON-java.git,0,3.144230769230769,1.1923076923076923,368.65384615384613,104,26911,8055
google/cameraview,4713,08/04/2016 05:22:14,9,https://github.com/google/cameraview.git,0,4.833333333333333,1.2638888888888888,12.125,72,4042,681
spring-attic/spring-security-oauth,4699,07/26/2011 18:08:49,14,https://github.com/spring-attic/spring-security-oauth.git,0,6.012307692307692,1.5917948717948718,13.183589743589744,975,74887,17259
cjlin1/libsvm,4696,09/10/2013 14:32:07,12,https://github.com/cjlin1/libsvm.git,0,3.264705882352941,1.3529411764705883,19.61764705882353,34,4415,166
hansonwang99/Spring-Boot-In-Action,4695,01/28/2019 12:56:51,7,https://github.com/hansonwang99/Spring-Boot-In-Action.git,0,3.8656716417910446,1.1194029850746268,6.007462686567164,134,7003,2128
SPLWare/esProc,4693,11/09/2021 15:41:25,4,https://github.com/SPLWare/esProc.git,0,6.304625799172621,1.9838285069575028,97.63670552839413,2659,577967,98203
charles2gan/GDA-android-reversing-Tool,4690,10/31/2017 08:18:29,8,https://github.com/charles2gan/GDA-android-reversing-Tool.git,0,2.5625,1,57.375,16,700,50
pardom-zz/ActiveAndroid,4688,11/15/2012 18:10:45,13,https://github.com/pardom-zz/ActiveAndroid.git,0,3.903225806451613,1.935483870967742,22.080645161290324,62,5510,1017
jgilfelt/chuck,4686,02/07/2017 23:51:39,9,https://github.com/jgilfelt/chuck.git,0,5.904761904761905,1.380952380952381,55.73809523809524,42,2657,420
bytedeco/javacpp,4686,04/21/2014 12:47:21,11,https://github.com/bytedeco/javacpp.git,0,5.911627906976745,2.0093023255813955,151.13953488372093,215,36353,7408
981011512/--,4683,06/18/2020 22:47:21,5,https://github.com/981011512/--.git,0,3.5332412704675478,2.886762675083843,440.4263168277767,5069,331459,38751
bepass-org/oblivion,4682,02/08/2024 05:50:09,2,https://github.com/bepass-org/oblivion.git,0,5.637931034482759,1.4827586206896552,11.620689655172415,58,3453,210
Heeexy/SpringBoot-Shiro-Vue,4678,11/17/2017 18:49:06,8,https://github.com/Heeexy/SpringBoot-Shiro-Vue.git,0,5.777777777777778,1.4074074074074074,9.444444444444445,27,1546,414
karma9874/AndroRAT,4669,03/22/2020 09:31:28,6,https://github.com/karma9874/AndroRAT.git,0,2.8545454545454545,1.1636363636363636,1.3818181818181818,55,1875,20
ant-media/Ant-Media-Server,4654,03/01/2017 08:21:13,9,https://github.com/ant-media/Ant-Media-Server.git,0,5.599496221662468,1.3249370277078085,164.1712846347607,1191,195210,43930
JZ-Darkal/AndroidHttpCapture,4650,10/15/2016 19:48:00,9,https://github.com/JZ-Darkal/AndroidHttpCapture.git,0,4.586750788643533,1.413249211356467,37.003154574132495,317,25297,5093
discord-jda/JDA,4650,12/12/2015 13:57:32,10,https://github.com/discord-jda/JDA.git,0,8.53027139874739,1.804453723034099,129.12178148921365,1437,213998,94014
wdullaer/MaterialDateTimePicker,4642,01/03/2015 19:41:03,11,https://github.com/wdullaer/MaterialDateTimePicker.git,0,6.589041095890411,1.4657534246575343,127.63013698630137,73,11782,1850
rememberber/WePush,4641,06/23/2017 09:03:36,8,https://github.com/rememberber/WePush.git,0,6.77536231884058,1.5797101449275361,25.14855072463768,276,33337,3716
CalebFenton/simplify,4638,01/16/2014 05:14:02,12,https://github.com/CalebFenton/simplify.git,0,7.784565916398714,1.3569131832797428,20.742765273311896,311,27495,1331
chewiebug/GCViewer,4634,10/23/2011 09:01:04,14,https://github.com/chewiebug/GCViewer.git,0,5.147766323024055,2.1305841924398625,49.044673539518904,291,32324,4048
romandanylyk/PageIndicatorView,4633,08/20/2016 19:25:32,9,https://github.com/romandanylyk/PageIndicatorView.git,0,5.513888888888889,1.5,22.805555555555557,72,5183,195
gabrielemariotti/cardslib,4632,09/20/2013 21:57:19,12,https://github.com/gabrielemariotti/cardslib.git,0,5.577065351418002,1.8951911220715167,18.620221948212084,811,54820,15165
zongzibinbin/MallChat,4631,03/16/2023 15:04:35,3,https://github.com/zongzibinbin/MallChat.git,0,6.126126126126126,1.2027027027027026,4.4391891891891895,444,23862,5408
yasserg/crawler4j,4626,12/31/2011 22:49:18,14,https://github.com/yasserg/crawler4j.git,0,5.27710843373494,1.3132530120481927,55.89156626506024,83,8973,2353
linhaojun857/aurora,4626,08/19/2022 13:39:16,3,https://github.com/linhaojun857/aurora.git,0,7.090301003344481,1.117056856187291,7.25752508361204,299,12799,31
RedSpider1/concurrent,4621,11/03/2018 13:49:36,7,https://github.com/RedSpider1/concurrent.git,0,0,0,0,0,0,0
h2database/h2database,4621,04/10/2015 19:09:09,10,https://github.com/h2database/h2database.git,0,5.791641791044776,1.9755223880597015,176.99462686567165,1675,345993,70887
Netflix/ribbon,4617,01/15/2013 01:08:04,13,https://github.com/Netflix/ribbon.git,0,4.279305354558611,1.264833574529667,13.648335745296672,691,35872,7322
apache/rocketmq-externals,4615,03/14/2017 07:00:06,9,https://github.com/apache/rocketmq-externals.git,0,5.749090909090909,1.250909090909091,16.45090909090909,275,22789,5185
nICEnnnnnnnLee/BilibiliDown,4606,01/23/2019 06:56:46,7,https://github.com/nICEnnnnnnnLee/BilibiliDown.git,0,4.209923664122138,1.7213740458015268,42.18702290076336,262,30651,6296
objectbox/objectbox-java,4599,01/24/2017 10:29:48,9,https://github.com/objectbox/objectbox-java.git,0,4.959595959595959,1.7651515151515151,105.61616161616162,396,44373,13212
SplashCodes/JAViewer,4590,05/21/2016 08:47:10,9,https://github.com/SplashCodes/JAViewer.git,0,5.787709497206704,1.5977653631284916,11.64804469273743,179,8546,1080
hussien89aa/AndroidTutorialForBeginners,4587,09/26/2016 16:36:28,9,https://github.com/hussien89aa/AndroidTutorialForBeginners.git,0,4.565891472868217,1.496124031007752,2.8217054263565893,129,7053,805
puniverse/quasar,4564,03/27/2013 14:51:24,13,https://github.com/puniverse/quasar.git,0,3.2794662713120832,1.5070422535211268,35.99703484062268,1349,86595,26700
ReChronoRain/HyperCeiler,4562,10/27/2023 17:17:42,2,https://github.com/ReChronoRain/HyperCeiler.git,0,3.845102505694761,1.4812072892938497,14.86389521640091,1756,88993,13692
chentao0707/SimplifyReader,4559,08/17/2015 08:22:53,10,https://github.com/chentao0707/SimplifyReader.git,0,4.0395569620253164,1.3338607594936709,60.29430379746835,632,56896,15632
zhanghai/Douya,4558,02/01/2016 13:44:19,10,https://github.com/zhanghai/Douya.git,0,5.414790996784566,1.5683279742765273,28.39790996784566,1244,72570,9638
javagrowing/JGrowing,4552,02/26/2019 01:55:08,7,https://github.com/javagrowing/JGrowing.git,0,1.5263157894736843,1,1.9473684210526316,19,451,0
tiann/epic,4543,05/22/2017 02:52:44,8,https://github.com/tiann/epic.git,0,3.228187919463087,1.6241610738255035,30.395973154362416,149,7841,1299
go-lang-plugin-org/go-lang-idea-plugin,4540,08/29/2010 08:20:01,15,https://github.com/go-lang-plugin-org/go-lang-idea-plugin.git,0,8.018551236749117,2.0848056537102475,110.02915194346289,1132,78562,13919
danielzeller/Depth-LIB-Android-,4540,04/27/2016 09:37:28,9,https://github.com/danielzeller/Depth-LIB-Android-.git,0,3.787037037037037,1.212962962962963,13.351851851851851,108,4896,241
square/sqlbrite,4537,02/19/2015 04:38:37,11,https://github.com/square/sqlbrite.git,0,4.69811320754717,1.3584905660377358,4.30188679245283,106,5226,1013
jdamcd/android-crop,4535,03/13/2014 10:24:43,12,https://github.com/jdamcd/android-crop.git,0,4.290322580645161,1.3870967741935485,26.483870967741936,31,2276,319
phishman3579/java-algorithms-implementation,4531,11/20/2013 03:30:19,12,https://github.com/phishman3579/java-algorithms-implementation.git,0,3.567198177676538,1.5831435079726652,7.050113895216401,439,36775,6395
201206030/novel-plus,4519,05/02/2020 07:15:43,5,https://github.com/201206030/novel-plus.git,0,6.405,1.225,47.4775,400,36798,5266
alibaba/dexposed,4518,06/30/2015 02:59:16,10,https://github.com/alibaba/dexposed.git,0,2.9166666666666665,1.6944444444444444,82.83333333333333,36,3580,934
jacoco/jacoco,4517,07/08/2012 21:45:13,13,https://github.com/jacoco/jacoco.git,0,4.097713097713098,1.4303534303534304,12.415800415800415,962,74545,20493
IoT-Technology/IoT-Technical-Guide,4517,04/02/2019 01:52:44,6,https://github.com/IoT-Technology/IoT-Technical-Guide.git,0,4.071428571428571,1.248299319727891,3.163265306122449,294,10646,1302
azkaban/azkaban,4515,10/18/2012 01:34:53,13,https://github.com/azkaban/azkaban.git,0,6.381917381137958,1.3445050662509743,35.83632112236945,1283,168194,31386
castorflex/SmoothProgressBar,4514,11/27/2013 20:32:16,12,https://github.com/castorflex/SmoothProgressBar.git,0,4.854166666666667,1.2291666666666667,26.3125,48,2660,104
Flipboard/bottomsheet,4506,04/23/2015 17:37:32,10,https://github.com/Flipboard/bottomsheet.git,0,4.897058823529412,1.3676470588235294,27.66176470588235,68,3269,655
Freeyourgadget/Gadgetbridge,4487,01/05/2015 23:19:03,11,https://github.com/Freeyourgadget/Gadgetbridge.git,0,5.341524459613197,1.845278725824801,38.69419795221843,4395,366389,19190
HotBitmapGG/bilibili-android-client,4486,06/01/2016 04:36:01,9,https://github.com/HotBitmapGG/bilibili-android-client.git,0,4.89087656529517,1.7119856887298748,42.7906976744186,559,34852,2869
water8394/flink-recommandSystem-demo,4473,05/15/2019 07:55:35,6,https://github.com/water8394/flink-recommandSystem-demo.git,0,3.727272727272727,1.077922077922078,6.402597402597403,77,3269,391
JakeWharton/NineOldAndroids,4472,12/08/2011 19:46:37,14,https://github.com/JakeWharton/NineOldAndroids.git,0,4.2898550724637685,1.434782608695652,30.144927536231883,138,11414,3858
Meituan-Dianping/Robust,4467,03/14/2017 10:14:50,9,https://github.com/Meituan-Dianping/Robust.git,0,3.5238095238095237,1.2619047619047619,17.357142857142858,42,4169,615
s4kibs4mi/java-developer-roadmap,4453,04/23/2019 06:42:13,6,https://github.com/s4kibs4mi/java-developer-roadmap.git,0,0,1,0,1,5,0
flutter-webrtc/flutter-webrtc,4452,03/07/2018 02:26:03,8,https://github.com/flutter-webrtc/flutter-webrtc.git,0,6.655555555555556,1.2222222222222223,40,90,10991,702
apache/shiro,4440,08/29/2009 08:00:17,16,https://github.com/apache/shiro.git,0,4.937803692905733,1.686103012633625,19.843537414965986,1029,95611,40521
janishar/android-mvp-architecture,4432,01/27/2017 08:39:06,9,https://github.com/janishar/android-mvp-architecture.git,0,5.815068493150685,1.3835616438356164,14.10958904109589,146,8356,1707
dreamhead/moco,4431,10/18/2012 09:09:51,13,https://github.com/dreamhead/moco.git,0,5.296232876712328,1.5154109589041096,34.570205479452056,584,28997,243
square/android-times-square,4427,01/30/2013 20:28:27,13,https://github.com/square/android-times-square.git,0,4.553191489361702,1.2340425531914894,25.872340425531913,47,3061,311
Tencent/GT,4414,01/13/2016 10:29:55,10,https://github.com/Tencent/GT.git,0,3.6864244741873806,1.2982791586998088,13.727533460803059,1046,82943,17145
Snailclimb/guide-rpc-framework,4399,05/10/2020 13:24:42,5,https://github.com/Snailclimb/guide-rpc-framework.git,0,4.690721649484536,1.2268041237113403,1.2268041237113403,97,4540,948
ThirtyDegreesRay/OpenHub,4397,07/11/2017 13:29:51,8,https://github.com/ThirtyDegreesRay/OpenHub.git,0,6.129573170731708,1.6326219512195121,32.92835365853659,656,36945,2020
robinhood/ticker,4383,07/15/2016 21:37:52,9,https://github.com/robinhood/ticker.git,0,4.612903225806452,1.3225806451612903,27.612903225806452,31,2617,487
crate/crate,4376,04/10/2013 09:17:16,12,https://github.com/crate/crate.git,0,7.417410714285714,1.623030462184874,50.40428046218487,7616,817591,152714
Querz/mcaselector,4366,04/22/2018 22:23:26,7,https://github.com/Querz/mcaselector.git,0,6.530275229357798,2.1174311926605505,23.106422018348624,545,41551,870
pytorch/serve,4361,10/03/2019 03:17:43,6,https://github.com/pytorch/serve.git,0,5.796812749003984,1.4661354581673307,63.91633466135458,251,29310,1354
awangdev/leet-code,4358,04/25/2015 19:14:09,10,https://github.com/awangdev/leet-code.git,0,2.0987654320987654,1,0.9012345679012346,81,104489,10560
Ashok-Varma/BottomNavigation,4358,03/19/2016 19:19:30,10,https://github.com/Ashok-Varma/BottomNavigation.git,0,7.533333333333333,1.4333333333333333,69.26666666666667,30,3910,992
eirslett/frontend-maven-plugin,4350,08/30/2013 14:44:38,12,https://github.com/eirslett/frontend-maven-plugin.git,0,5.595959595959596,1.7272727272727273,7.05050505050505,99,6094,432
AsamK/signal-cli,4346,05/11/2015 10:49:42,10,https://github.com/AsamK/signal-cli.git,0,6.646271510516252,1.5430210325047802,63.120458891013385,523,51579,731
iterate-ch/cyberduck,4341,01/20/2017 14:16:34,9,https://github.com/iterate-ch/cyberduck.git,0,6.171827645276058,1.3534062458821978,65.54803004348399,7589,584362,128669
mywalkb/LSPosed_mod,4340,03/28/2022 08:05:38,3,https://github.com/mywalkb/LSPosed_mod.git,0,5.3937360178970915,1.610738255033557,50.20134228187919,447,31572,4774
BoCloud/folib,4324,07/09/2025 06:22:58,0,https://github.com/BoCloud/folib.git,0,6.798634812286689,1.3401592718998863,41.82176715965112,2637,263113,65835
dragonwell-project/dragonwell8,4321,03/07/2019 02:57:45,7,https://github.com/dragonwell-project/dragonwell8.git,0,0,0,0,0,7112573,2443990
jlegewie/zotfile,4319,12/30/2011 14:47:42,14,https://github.com/jlegewie/zotfile.git,0,0,0,0,0,0,0
jitsi/jitsi,4318,04/24/2013 17:37:20,12,https://github.com/jitsi/jitsi.git,0,5.2594090202177295,1.8279937791601866,39.423328149300154,3215,533660,190172
jeasonlzy/ImagePicker,4311,01/27/2016 17:05:03,10,https://github.com/jeasonlzy/ImagePicker.git,0,5.828947368421052,1.486842105263158,23.07894736842105,76,5068,791
google/open-location-code,4309,09/30/2014 18:26:35,11,https://github.com/google/open-location-code.git,0,4.955223880597015,1.1791044776119404,4.552238805970149,67,4449,901
torakiki/pdfsam,4307,09/24/2013 11:06:13,12,https://github.com/torakiki/pdfsam.git,0,6.837209302325581,1.3565891472868217,4.964341085271318,645,49733,14662
failsafe-lib/failsafe,4307,06/30/2015 00:56:39,10,https://github.com/failsafe-lib/failsafe.git,0,6.3277310924369745,2.0210084033613445,19.176470588235293,238,21089,7028
bingoogolapple/BGARefreshLayout-Android,4304,05/28/2015 16:17:00,10,https://github.com/bingoogolapple/BGARefreshLayout-Android.git,0,5.148148148148148,1.4074074074074074,9.796296296296296,162,7273,1044
geoserver/geoserver,4303,11/10/2011 19:56:06,14,https://github.com/geoserver/geoserver.git,0,7.420551936921495,1.776482687692835,42.47925951319849,11668,1197137,172415
apache/streampark,4302,05/27/2019 05:56:03,6,https://github.com/apache/streampark.git,0,7.397504456327986,1.2816399286987523,18.955436720142604,561,57262,13393
JabRef/jabref,4298,03/11/2014 14:48:42,12,https://github.com/JabRef/jabref.git,0,0,0,0,0,307360,20000
brianway/java-learning,4290,02/09/2016 05:20:58,10,https://github.com/brianway/java-learning.git,0,1.0823373173970783,1.2868525896414342,0.5962815405046481,753,20146,3338
apache/fory,4287,04/28/2023 03:57:00,2,https://github.com/apache/fory.git,0,5.059159314997405,2.144784639335755,46.27296315516347,1927,150652,23972
alibaba/fastjson2,4283,04/17/2022 04:27:24,3,https://github.com/alibaba/fastjson2.git,0,2.779869733360472,1.1921432933034806,276.2819051496031,9826,554586,34356
bjmashibing/InternetArchitect,4281,10/19/2019 16:32:01,6,https://github.com/bjmashibing/InternetArchitect.git,0,4.759420289855073,1.1565217391304348,67.53188405797101,690,97148,12811
mcxiaoke/android-volley,4272,05/21/2013 05:35:26,12,https://github.com/mcxiaoke/android-volley.git,0,5.090909090909091,1.893939393939394,15.818181818181818,132,9460,2910
camunda/camunda-bpm-platform,4269,01/03/2013 10:10:31,13,https://github.com/camunda/camunda-bpm-platform.git,0,6.213806595863611,1.5931619154089809,86.25498416247439,10734,1237304,263857
ongakuer/CircleIndicator,4266,07/30/2014 14:02:56,11,https://github.com/ongakuer/CircleIndicator.git,0,6.511111111111111,1.6222222222222222,8.511111111111111,45,1989,77
grantland/android-autofittextview,4263,02/14/2011 06:00:52,15,https://github.com/grantland/android-autofittextview.git,0,5.375,1.375,40.75,8,882,233
M66B/FairEmail,4256,08/02/2018 13:30:25,7,https://github.com/M66B/FairEmail.git,0,4.6011275546159265,1.2525252525252526,33.4456189805027,4257,307313,49447
aporter/coursera-android,4256,01/05/2014 09:55:31,12,https://github.com/aporter/coursera-android.git,0,4.129224652087475,1.58051689860835,3.8608349900596424,503,28791,2608
microsoft/malmo,4253,05/17/2016 14:58:40,9,https://github.com/microsoft/malmo.git,0,7.0503597122302155,2.143884892086331,12.848920863309353,278,28674,5062
nining377/dolby_beta,4248,05/19/2020 12:13:36,5,https://github.com/nining377/dolby_beta.git,0,4.135135135135135,1.454054054054054,7.951351351351351,185,9164,1180
dromara/hmily,4248,09/28/2017 06:29:01,8,https://github.com/dromara/hmily.git,0,5.309633027522936,1.223623853211009,10.607798165137615,872,69181,24673
mybatis/spring-boot-starter,4248,09/25/2015 13:05:15,10,https://github.com/mybatis/spring-boot-starter.git,0,4.537142857142857,1.2228571428571429,16.177142857142858,175,9827,3014
zendesk/maxwell,4240,02/09/2015 22:06:13,11,https://github.com/zendesk/maxwell.git,0,5.939102564102564,1.6121794871794872,32.13782051282051,312,28249,1610
jboss-javassist/javassist,4230,05/24/2013 08:31:32,12,https://github.com/jboss-javassist/javassist.git,0,3.1873873873873872,1.5468468468468468,43.90810810810811,1110,115859,21306
LibrePDF/OpenPDF,4217,07/11/2016 15:50:34,9,https://github.com/LibrePDF/OpenPDF.git,0,5.626696832579186,1.8190045248868778,91.4304298642534,1768,295375,96387
JetBrains/fernflower,4214,10/03/2014 05:00:15,11,https://github.com/JetBrains/fernflower.git,0,4.02649930264993,1.2357043235704324,33.4044630404463,717,71161,2970
ChadCSong/ShineButton,4202,07/05/2016 06:32:26,9,https://github.com/ChadCSong/ShineButton.git,0,4.833333333333333,1.625,23.625,24,1280,67
yhaolpz/FloatWindow,4198,11/14/2017 14:33:55,8,https://github.com/yhaolpz/FloatWindow.git,0,3.772727272727273,1.2727272727272727,9.727272727272727,44,1903,158
aws/aws-sdk-java,4197,03/22/2010 23:34:58,16,https://github.com/aws/aws-sdk-java.git,0,0,0,0,0,26415499,12466015
powermock/powermock,4187,05/28/2014 07:53:53,11,https://github.com/powermock/powermock.git,0,3.3517786561264824,1.242687747035573,22.765217391304347,1265,68766,20665
Jacksgong/JKeyboardPanelSwitch,4184,07/01/2015 17:42:01,10,https://github.com/Jacksgong/JKeyboardPanelSwitch.git,0,5.2,1.3,7.38,50,3229,916
syncthing/syncthing-android,4184,02/22/2014 17:15:19,12,https://github.com/syncthing/syncthing-android.git,0,6.514084507042254,1.6901408450704225,9.049295774647888,142,11900,1386
hugeterry/CoordinatorTabLayout,4183,01/27/2017 13:40:28,9,https://github.com/hugeterry/CoordinatorTabLayout.git,0,5.294117647058823,1.411764705882353,9.411764705882353,17,825,128
codingapi/tx-lcn,4183,11/11/2017 03:34:34,8,https://github.com/codingapi/tx-lcn.git,0,4.963963963963964,1.2117117117117118,6.337837837837838,222,15063,2777
oddfar/campus-imaotai,4181,07/07/2023 10:37:13,2,https://github.com/oddfar/campus-imaotai.git,0,6.270642201834862,1.4128440366972477,20.376146788990827,218,18775,5506
jMonkeyEngine/jmonkeyengine,4176,03/20/2014 22:29:28,12,https://github.com/jMonkeyEngine/jmonkeyengine.git,0,6.5133519330410525,1.4416102032682343,68.69071343164607,2509,386275,134258
jishenghua/jshERP,4175,09/20/2016 04:51:39,9,https://github.com/jishenghua/jshERP.git,0,5.428571428571429,1.3234501347708896,1642.2237196765498,371,70507,5354
googlesamples/mlkit,4167,05/28/2020 21:40:38,5,https://github.com/googlesamples/mlkit.git,0,7.730964467005077,1.5279187817258884,9.527918781725889,197,18427,3060
bingoogolapple/BGABanner-Android,4167,10/25/2014 17:15:18,11,https://github.com/bingoogolapple/BGABanner-Android.git,0,5,1.5849056603773586,26.28301886792453,53,2962,358
pedrovgs/AndroidWiFiADB,4158,10/18/2015 21:58:45,10,https://github.com/pedrovgs/AndroidWiFiADB.git,0,2.8666666666666667,1.5,12.133333333333333,30,1827,317
lilishop/lilishop,4141,05/14/2021 01:28:51,4,https://github.com/lilishop/lilishop.git,0,7.631005765534914,1.315823190262652,13.66047405509289,1561,122603,33150
JFormDesigner/FlatLaf,4130,08/19/2019 10:27:05,6,https://github.com/JFormDesigner/FlatLaf.git,0,3.540022547914318,3.4656144306651635,61.28072153325817,887,126782,27161
pqpo/SmartCropper,4126,08/03/2017 11:08:41,8,https://github.com/pqpo/SmartCropper.git,0,6.25,1.3333333333333333,122.5,12,1378,125
lukas-krecan/ShedLock,4122,12/11/2016 13:53:59,9,https://github.com/lukas-krecan/ShedLock.git,0,5.888372093023256,1.8813953488372093,7.674418604651163,430,25033,5164
gh0stkey/HaE,4120,03/24/2020 10:12:50,6,https://github.com/gh0stkey/HaE.git,0,4.4361702127659575,1.702127659574468,12.904255319148936,94,8393,155
bitcoin-wallet/bitcoin-wallet,4114,03/31/2012 17:06:47,13,https://github.com/bitcoin-wallet/bitcoin-wallet.git,0,7.532299741602067,1.7131782945736433,5.41343669250646,387,25176,3290
dinuscxj/LoadingDrawable,4106,04/16/2016 07:33:57,9,https://github.com/dinuscxj/LoadingDrawable.git,0,6.507692307692308,1.4461538461538461,15.830769230769231,65,5787,185
DTStack/chunjun,4105,04/03/2018 12:44:58,7,https://github.com/DTStack/chunjun.git,0,7.127450980392157,1.5402476780185759,20.769349845201237,1938,209009,36762
alibaba/Tangram-Android,4103,03/29/2017 13:29:57,8,https://github.com/alibaba/Tangram-Android.git,0,5.010452961672474,1.6167247386759582,23.21080139372822,574,41530,11496
code4craft/tiny-spring,4089,01/10/2014 16:37:57,12,https://github.com/code4craft/tiny-spring.git,0,3.0849056603773586,1.150943396226415,2.3679245283018866,106,3490,860
qunarcorp/bistoury,4088,08/01/2019 07:54:25,6,https://github.com/qunarcorp/bistoury.git,0,4.766348273328435,1.2630418809698751,21.41587068332109,1361,120011,24166
Manabu-GT/ExpandableTextView,4077,05/17/2014 19:40:15,11,https://github.com/Manabu-GT/ExpandableTextView.git,0,5.133333333333334,1.7333333333333334,11.8,15,697,74
oblac/jodd,4074,09/07/2012 20:26:48,13,https://github.com/oblac/jodd.git,0,3.9532967032967035,1.4354395604395604,12.949175824175825,728,65728,23692
orhanobut/hawk,4072,02/19/2015 22:25:23,11,https://github.com/orhanobut/hawk.git,0,3.6153846153846154,1.0384615384615385,12.961538461538462,26,1339,230
rubensousa/ViewPagerCards,4069,08/20/2016 15:24:12,9,https://github.com/rubensousa/ViewPagerCards.git,0,5.333333333333333,1.5555555555555556,2.2222222222222223,9,415,18
jetty/jetty.project,4066,07/14/2011 01:11:57,14,https://github.com/jetty/jetty.project.git,0,5.3798076923076925,1.6129478398314014,25.50349051633298,15184,1261828,191099
RipMeApp/ripme,4064,01/06/2017 17:12:09,9,https://github.com/RipMeApp/ripme.git,0,4.459375,2.134375,28.271875,320,30856,2488
camunda/camunda,4058,03/20/2016 03:38:04,10,https://github.com/camunda/camunda.git,0,7.121698448418808,1.3402818903233449,30.59801018595286,16886,1802647,253275
knowm/XChange,4051,02/02/2012 10:48:28,14,https://github.com/knowm/XChange.git,0,5.919831223628692,1.4777978702029335,24.971267832027326,4977,330153,24380
luckybilly/CC,4046,11/23/2017 16:26:33,8,https://github.com/luckybilly/CC.git,0,4.966666666666667,1.2583333333333333,16.316666666666666,120,6260,1235
tronprotocol/java-tron,4045,12/26/2017 10:20:38,8,https://github.com/tronprotocol/java-tron.git,0,8.511323003575685,1.7800953516090583,83.19249106078665,1678,242952,15171
Creators-of-Create/Create,4039,07/18/2019 08:27:10,6,https://github.com/Creators-of-Create/Create.git,0,11.013742926434924,1.7869846402586904,29.471705739692805,2474,275033,4263
freeplane/freeplane,4026,09/13/2012 08:55:51,13,https://github.com/freeplane/freeplane.git,0,4.422000486736432,1.4874665368702849,45.905816500365056,4109,280759,37346
uber/NullAway,4025,09/01/2017 17:35:57,8,https://github.com/uber/NullAway.git,0,4.709897610921502,1.2013651877133107,58.28839590443686,586,71446,11569
xcltapestry/XCL-Charts,4021,06/09/2014 15:44:50,11,https://github.com/xcltapestry/XCL-Charts.git,0,7.602446483180428,2.159021406727829,49.042813455657495,327,49698,12724
oldmanpushcart/greys-anatomy,4019,11/21/2012 19:39:35,13,https://github.com/oldmanpushcart/greys-anatomy.git,0,4.066666666666666,1.1541666666666666,6.770833333333333,240,15490,2983
BoltsFramework/Bolts-Android,4019,01/30/2014 04:58:14,12,https://github.com/BoltsFramework/Bolts-Android.git,0,2.132911392405063,1.0822784810126582,19.0126582278481,158,5692,1080
jbloch/effective-java-3e-source-code,4015,08/03/2018 20:48:35,7,https://github.com/jbloch/effective-java-3e-source-code.git,0,1.1287128712871286,1.188118811881188,1.3267326732673268,202,4711,678
awaitility/awaitility,4002,01/22/2010 15:12:52,16,https://github.com/awaitility/awaitility.git,0,3.176470588235294,1.1941176470588235,18.58235294117647,170,11552,3946
makovkastar/FloatingActionButton,3998,07/22/2014 13:29:55,11,https://github.com/makovkastar/FloatingActionButton.git,0,5.666666666666667,1.8148148148148149,37.592592592592595,27,1152,16
NotFound9/interviewGuide,3995,04/20/2016 07:17:09,9,https://github.com/NotFound9/interviewGuide.git,0,0,0,0,0,0,0
Yalantis/Phoenix,3991,01/12/2015 14:11:20,11,https://github.com/Yalantis/Phoenix.git,0,4.333333333333333,1.6666666666666667,7.541666666666667,24,1218,33
lcodecorex/TwinklingRefreshLayout,3990,03/02/2016 12:11:56,10,https://github.com/lcodecorex/TwinklingRefreshLayout.git,0,4.28476821192053,1.3708609271523178,36.271523178807946,151,7582,776
JeremyLiao/LiveEventBus,3987,07/11/2018 07:36:59,7,https://github.com/JeremyLiao/LiveEventBus.git,0,3.241042345276873,1.1107491856677525,4.094462540716612,307,10791,1131
Piasy/BigImageViewer,3987,11/06/2016 09:55:02,9,https://github.com/Piasy/BigImageViewer.git,0,4.607142857142857,1.2857142857142858,12.80952380952381,84,4199,993
fishercoder1534/Leetcode,3980,07/31/2016 05:28:15,9,https://github.com/fishercoder1534/Leetcode.git,0,1.5516906335017489,1.0003886513797124,0.2876020209871745,5146,123929,6626
mouredev/hello-java,3978,03/25/2025 11:15:12,1,https://github.com/mouredev/hello-java.git,0,0.6363636363636364,1.3272727272727274,0.4727272727272727,55,1876,399
pingfangushi/screw,3976,06/21/2020 11:37:06,5,https://github.com/pingfangushi/screw.git,0,4.985294117647059,1.3529411764705883,5.242647058823529,136,14806,8093
qstumn/BadgeView,3972,02/08/2017 02:01:39,9,https://github.com/qstumn/BadgeView.git,0,4.3428571428571425,1.3142857142857143,49.885714285714286,35,1826,63
mercyblitz/tech-weekly,3971,12/03/2018 03:10:52,7,https://github.com/mercyblitz/tech-weekly.git,0,2.802469135802469,1.0246913580246915,2.123456790123457,81,2754,431
rovo89/XposedInstaller,3971,04/02/2012 20:33:05,13,https://github.com/rovo89/XposedInstaller.git,0,4.886699507389163,1.4187192118226601,8.517241379310345,203,9615,263
Dimezis/BlurView,3964,04/21/2016 16:00:07,9,https://github.com/Dimezis/BlurView.git,0,5.9,1.5,7,30,1558,220
zzhoujay/RichText,3963,07/21/2015 09:36:01,10,https://github.com/zzhoujay/RichText.git,0,4.2727272727272725,1.446969696969697,10.545454545454545,132,7159,973
google/bundletool,3962,05/04/2018 07:24:09,7,https://github.com/google/bundletool.git,0,8.986394557823129,1.2653061224489797,83.3219954648526,882,161884,18068
shuzijun/leetcode-editor,3959,03/19/2019 16:32:17,7,https://github.com/shuzijun/leetcode-editor.git,0,6.3156146179401995,1.7375415282392026,20.15282392026578,301,17045,1073
kubernetes-client/java,3955,05/08/2017 21:52:58,8,https://github.com/kubernetes-client/java.git,0,0,0,0,0,2144515,590264
binIoter/GuideView,3954,06/19/2016 08:52:25,9,https://github.com/binIoter/GuideView.git,0,3.742857142857143,1.3714285714285714,8.228571428571428,35,1767,353
linyiqun/DataMiningAlgorithm,3951,01/11/2015 02:50:28,11,https://github.com/linyiqun/DataMiningAlgorithm.git,0,2.2936507936507935,1.0873015873015872,9.96031746031746,126,19189,4192
promeG/TinyPinyin,3938,09/30/2015 03:24:50,10,https://github.com/promeG/TinyPinyin.git,0,2.0307692307692307,1.0923076923076922,8.753846153846155,65,3588,260
JoanZapata/android-iconify,3932,06/12/2013 11:42:01,12,https://github.com/JoanZapata/android-iconify.git,0,3.511627906976744,1.2325581395348837,5.186046511627907,43,6713,170
rengwuxian/RxJavaSamples,3924,03/24/2016 13:08:10,10,https://github.com/rengwuxian/RxJavaSamples.git,0,4.547169811320755,1.3962264150943395,1.6037735849056605,53,1331,26
sofastack/sofa-rpc,3922,04/09/2018 03:32:04,7,https://github.com/sofastack/sofa-rpc.git,0,5.052700065061809,1.3227065712426807,24.467143786597266,1537,145404,43235
VaughnVernon/IDDD_Samples,3921,04/08/2013 22:12:57,12,https://github.com/VaughnVernon/IDDD_Samples.git,0,4.563748079877112,1.642089093701997,27.327188940092167,651,55909,7659
amirzaidi/Launcher3,3907,05/30/2017 12:53:32,8,https://github.com/amirzaidi/Launcher3.git,0,6.818181818181818,1.4383838383838383,63.68080808080808,990,86988,13408
databricks/learning-spark,3900,06/16/2014 04:47:54,11,https://github.com/databricks/learning-spark.git,0,2.827067669172932,1.0150375939849625,1.7969924812030076,133,2647,209
bluelinelabs/Conductor,3900,03/16/2016 18:42:41,10,https://github.com/bluelinelabs/Conductor.git,0,5.476744186046512,1.3488372093023255,71.33720930232558,86,7697,910
shopizer-ecommerce/shopizer,3899,11/21/2012 03:42:39,13,https://github.com/shopizer-ecommerce/shopizer.git,0,7.726682887266829,1.6569343065693432,34.145174371451745,1233,115149,10171
JavaNoober/BackgroundLibrary,3895,09/09/2018 08:52:45,7,https://github.com/JavaNoober/BackgroundLibrary.git,0,4.7899159663865545,1.2100840336134453,34.1764705882353,119,8445,298
Exrick/xboot,3892,04/23/2018 14:44:18,7,https://github.com/Exrick/xboot.git,0,7.355300859598854,1.2120343839541547,2.656160458452722,349,24973,5585
alibaba/jstorm,3885,09/03/2013 03:53:16,12,https://github.com/alibaba/jstorm.git,0,4.977502527805864,1.4471688574317492,42.367290192113245,3956,301713,49703
vipulasri/Timeline-View,3882,12/15/2015 14:55:04,10,https://github.com/vipulasri/Timeline-View.git,0,9,1.5,453.5,2,674,141
wendux/DSBridge-Android,3880,01/02/2017 11:58:53,9,https://github.com/wendux/DSBridge-Android.git,0,2.978723404255319,1.1063829787234043,15.97872340425532,47,1615,118
react-native-share/react-native-share,3877,09/30/2015 02:27:34,10,https://github.com/react-native-share/react-native-share.git,0,5.634146341463414,2.073170731707317,8.609756097560975,41,2781,202
ZHENFENG13/My-Blog,3877,03/04/2019 09:17:00,7,https://github.com/ZHENFENG13/My-Blog.git,0,4.758620689655173,1.0517241379310345,29.551724137931036,58,4210,470
RikkaApps/Sui,3872,01/03/2021 08:26:16,5,https://github.com/RikkaApps/Sui.git,0,4.955056179775281,1.1573033707865168,14.55056179775281,89,7920,1760
watabou/pixel-dungeon,3862,07/26/2014 17:34:32,11,https://github.com/watabou/pixel-dungeon.git,0,5.00834326579261,2.464839094159714,12.423122765196663,839,60846,8691
timehop/sticky-headers-recyclerview,3856,10/03/2014 01:57:46,11,https://github.com/timehop/sticky-headers-recyclerview.git,0,4.620689655172414,1.2758620689655173,3.2413793103448274,29,1233,206
emanuele-f/PCAPdroid,3856,01/06/2020 18:11:27,6,https://github.com/emanuele-f/PCAPdroid.git,0,9.359683794466402,1.5612648221343874,88.3913043478261,253,36459,3822
yanzhenjie/AndServer,3855,06/14/2016 00:52:52,9,https://github.com/yanzhenjie/AndServer.git,0,5.0233644859813085,1.5420560747663552,48.05140186915888,214,24709,7912
yacy/yacy_search_server,3854,03/22/2015 12:54:20,11,https://github.com/yacy/yacy_search_server.git,0,5.107722258273848,1.3621025308241401,46.82738481505516,1541,260807,57244
uncle-novel/uncle-novel,3850,12/11/2018 12:15:30,7,https://github.com/uncle-novel/uncle-novel.git,0,7.048327137546468,1.6282527881040891,10.41635687732342,269,29122,6689
MovingBlocks/Terasology,3846,03/04/2011 03:49:19,15,https://github.com/MovingBlocks/Terasology.git,0,6.116731517509727,1.440042447824549,25.246551114255393,2827,195287,29611
RoaringBitmap/RoaringBitmap,3845,06/17/2013 20:29:23,12,https://github.com/RoaringBitmap/RoaringBitmap.git,0,5.330757341576507,1.1375579598145287,257.96754250386397,647,115413,12150
spotbugs/spotbugs,3844,11/04/2016 22:18:08,9,https://github.com/spotbugs/spotbugs.git,0,3.2255709472107825,1.3856233620366905,25.68307749906402,5342,348289,69989
MiguelCatalan/MaterialSearchView,3828,09/14/2015 17:13:46,10,https://github.com/MiguelCatalan/MaterialSearchView.git,0,4.048780487804878,1.3170731707317074,22.658536585365855,41,1730,147
aurelhubert/ahbottomnavigation,3825,03/17/2016 12:17:56,10,https://github.com/aurelhubert/ahbottomnavigation.git,0,5.108695652173913,1.173913043478261,57.47826086956522,46,3504,655
happydog-intj/CircleProgress,3816,10/30/2014 16:14:42,11,https://github.com/happydog-intj/CircleProgress.git,0,5.76,1.68,85.76,25,2256,225
JCTools/JCTools,3810,11/10/2013 18:04:40,12,https://github.com/JCTools/JCTools.git,0,4.3686868686868685,4.236363636363636,22.48181818181818,990,72691,13962
sofastack/sofa-jraft,3800,03/04/2019 10:13:43,7,https://github.com/sofastack/sofa-jraft.git,0,5.777241379310345,1.457241379310345,75.93448275862069,1450,157823,33979
blossom-editor/blossom,3795,08/07/2023 03:02:17,2,https://github.com/blossom-editor/blossom.git,0,5.531034482758621,1.3379310344827586,6.977011494252873,435,32391,10493
sunfusheng/MarqueeView,3790,06/01/2016 06:50:46,9,https://github.com/sunfusheng/MarqueeView.git,0,5.409090909090909,1.3636363636363635,5.454545454545454,22,1020,74
mcxtzhang/SwipeDelMenuLayout,3788,08/25/2016 08:10:45,9,https://github.com/mcxtzhang/SwipeDelMenuLayout.git,0,3.1,1.25,5.2,40,1360,258
yanzhenjie/NoHttp,3786,07/29/2015 06:11:12,10,https://github.com/yanzhenjie/NoHttp.git,0,4.456140350877193,1.5,45.64912280701754,228,17337,5906
rbmonster/learning-note,3784,06/15/2020 16:47:25,5,https://github.com/rbmonster/learning-note.git,0,2.1945288753799392,1.1732522796352585,2.893617021276596,658,23512,5862
tchiotludo/akhq,3783,09/09/2018 19:35:39,7,https://github.com/tchiotludo/akhq.git,0,8.192691029900333,1.2956810631229236,29.425249169435215,301,24529,1317
NotHarshhaa/DevOps-Projects,3781,08/09/2023 04:19:38,2,https://github.com/NotHarshhaa/DevOps-Projects.git,0,5.774647887323944,1.1901408450704225,22.753521126760564,142,11120,2716
zhpanvip/BannerViewPager,3778,03/28/2017 09:11:11,8,https://github.com/zhpanvip/BannerViewPager.git,0,5.410958904109589,1.4109589041095891,47.821917808219176,73,5741,922
mpusher/mpush,3774,04/28/2016 01:43:19,9,https://github.com/mpusher/mpush.git,0,4.472361809045226,1.3316582914572865,24.565326633165828,398,29810,8582
apache/kylin,3766,01/03/2015 08:00:05,11,https://github.com/apache/kylin.git,0,7.636077278454431,1.4846703065938682,137.864972700546,4762,551110,76865
lygttpod/SuperTextView,3765,10/19/2016 04:06:54,9,https://github.com/lygttpod/SuperTextView.git,0,3.046511627906977,1.1627906976744187,141.67441860465115,86,6227,1414
CameraKit/blurkit-android,3764,11/06/2016 03:14:58,9,https://github.com/CameraKit/blurkit-android.git,0,6.1,1.5,30.3,10,897,129
Ereza/CustomActivityOnCrash,3762,07/04/2014 19:46:21,11,https://github.com/Ereza/CustomActivityOnCrash.git,0,5.4,1.3333333333333333,32.333333333333336,15,1559,472
helidon-io/helidon,3761,08/27/2018 11:03:52,7,https://github.com/helidon-io/helidon.git,0,5.339867437596954,1.3735721336905937,34.04696093639825,7091,674187,193486
FCL-Team/FoldCraftLauncher,3747,10/19/2022 10:12:18,3,https://github.com/FCL-Team/FoldCraftLauncher.git,0,5.4050822122571,1.6372695565520679,50.243148978574986,2007,152530,22097
Atmosphere/atmosphere,3745,06/30/2010 14:26:23,15,https://github.com/Atmosphere/atmosphere.git,0,5.379408418657565,1.1945392491467577,30.331626848691695,1758,170425,40307
roboguice/roboguice,3744,08/12/2012 20:37:19,13,https://github.com/roboguice/roboguice.git,0,3.553223388305847,1.309745127436282,7.127736131934033,3335,94917,19616
jtablesaw/tablesaw,3744,01/01/2016 14:58:28,10,https://github.com/jtablesaw/tablesaw.git,0,5.54046997389034,1.283289817232376,108.38903394255874,766,79711,11264
undertow-io/undertow,3743,07/19/2012 00:52:44,13,https://github.com/undertow-io/undertow.git,0,5.062127392532162,1.2438029494822718,37.168497019140254,3187,243361,50447
Netflix/maestro,3742,04/17/2024 01:15:56,1,https://github.com/Netflix/maestro.git,0,8.359111111111112,1.6044444444444443,27.372444444444444,1125,126696,18238
portfolio-performance/portfolio,3734,03/24/2012 09:43:08,14,https://github.com/portfolio-performance/portfolio.git,0,7.202123764188942,1.4005858659831563,86.38484071768583,2731,515850,47941
lihangleo2/ShadowLayout,3731,07/09/2019 07:17:06,6,https://github.com/lihangleo2/ShadowLayout.git,0,4.213333333333333,1.16,29.773333333333333,75,5816,804
coderbruis/JavaSourceCodeLearning,3731,06/02/2020 13:34:20,5,https://github.com/coderbruis/JavaSourceCodeLearning.git,0,2.854889589905363,1.2586750788643533,3.138801261829653,317,11289,2327
andOTP/andOTP,3730,07/05/2017 11:39:52,8,https://github.com/andOTP/andOTP.git,0,6.108433734939759,1.5,41.41566265060241,166,12385,1259
ethanhua/Skeleton,3724,07/30/2017 06:42:39,8,https://github.com/ethanhua/Skeleton.git,0,3.727272727272727,1.2424242424242424,4.606060606060606,33,982,93
stfalcon-studio/ChatKit,3722,02/02/2017 09:37:15,9,https://github.com/stfalcon-studio/ChatKit.git,0,5.768518518518518,2.8981481481481484,35.48148148148148,108,7145,1306
HelloWorld521/Java,3715,12/08/2016 14:01:46,9,https://github.com/HelloWorld521/Java.git,0,4.169354838709677,1.3306451612903225,5.096774193548387,124,5748,995
DataLinkDC/dinky,3714,06/09/2021 07:11:26,4,https://github.com/DataLinkDC/dinky.git,0,6.901831501831502,1.3252747252747252,24.4021978021978,1365,199550,45481
willowtreeapps/spruce-android,3712,02/23/2017 20:34:18,9,https://github.com/willowtreeapps/spruce-android.git,0,4.860655737704918,1.3688524590163935,5.352459016393443,122,8133,2478
liuyubobobo/Play-with-Algorithms,3710,07/05/2016 18:16:22,9,https://github.com/liuyubobobo/Play-with-Algorithms.git,0,2.9242424242424243,1.0075757575757576,4.325757575757576,132,26486,4005
OpenHFT/Chronicle-Queue,3707,06/02/2013 15:11:33,12,https://github.com/OpenHFT/Chronicle-Queue.git,0,4.952651515151516,1.5890151515151516,169.34469696969697,528,54401,10001
grpc-ecosystem/grpc-spring,3706,12/30/2016 09:06:15,9,https://github.com/grpc-ecosystem/grpc-spring.git,0,6.569377990430622,1.4784688995215312,5.368421052631579,418,28389,9556
ByteLegend/ByteLegend,3705,02/01/2021 10:11:30,5,https://github.com/ByteLegend/ByteLegend.git,0,6.979661016949152,1.0033898305084745,727.8440677966101,295,85699,5309
ryanhoo/StylishMusicPlayer,3700,09/13/2016 14:38:32,9,https://github.com/ryanhoo/StylishMusicPlayer.git,0,5.025773195876289,1.309278350515464,13.216494845360824,194,8159,837
dromara/liteflow,3698,03/25/2020 16:49:22,6,https://github.com/dromara/liteflow.git,0,4.809278350515464,1.679381443298969,15.45,1940,135209,22141
dingjikerbo/Android-BluetoothKit,3695,10/08/2015 09:07:33,10,https://github.com/dingjikerbo/Android-BluetoothKit.git,0,4.074688796680498,1.2489626556016598,18.70124481327801,241,11798,709
FasterXML/jackson-databind,3695,12/23/2011 07:17:41,14,https://github.com/FasterXML/jackson-databind.git,0,3.741424802110818,1.7003627968337731,23.601418205804748,6064,299037,58480
DependencyTrack/dependency-track,3692,07/16/2013 19:16:43,12,https://github.com/DependencyTrack/dependency-track.git,0,8.905349794238683,1.522633744855967,112.66666666666667,729,129542,19871
microservices-patterns/ftgo-application,3691,10/23/2017 04:30:04,8,https://github.com/microservices-patterns/ftgo-application.git,0,5.291891891891892,1.1891891891891893,8.191891891891892,370,13810,164
springdoc/springdoc-openapi,3689,07/11/2019 23:08:20,6,https://github.com/springdoc/springdoc-openapi.git,0,3.9388565378507145,1.316040232927475,9.106934886183165,3778,293830,137310
IrisShaders/Iris,3689,10/22/2020 20:21:12,5,https://github.com/IrisShaders/Iris.git,0,6.055075593952484,1.312095032397408,24.11987041036717,926,61701,4975
apache/incubator-heron,3687,09/25/2015 16:09:24,10,https://github.com/apache/incubator-heron.git,0,5.508949880668258,1.4260143198090691,20.403341288782816,1676,159598,43401
1024-lab/smart-admin,3687,11/16/2019 02:30:31,6,https://github.com/1024-lab/smart-admin.git,0,6.386759581881533,1.2282229965156795,3.7770034843205575,574,75941,20749
Mojang/brigadier,3680,09/15/2014 08:48:24,11,https://github.com/Mojang/brigadier.git,0,6.635294117647059,1.1529411764705881,44.55294117647059,85,7319,448
linkedin/databus,3677,12/17/2012 17:49:17,13,https://github.com/linkedin/databus.git,0,5.381266490765172,1.3482849604221636,46.73482849604222,1516,210530,34068
networknt/light-4j,3676,09/09/2016 22:28:14,9,https://github.com/networknt/light-4j.git,0,4.627314814814815,1.1674382716049383,25.10185185185185,1296,133206,29878
Haleydu/Cimoc,3675,07/09/2020 03:09:02,5,https://github.com/Haleydu/Cimoc.git,0,5.459504132231405,1.5041322314049588,23.269421487603307,605,35159,2436
lisawray/groupie,3668,09/01/2016 20:59:35,9,https://github.com/lisawray/groupie.git,0,5.096774193548387,1.8279569892473118,29.903225806451612,93,5843,502
yangfuhai/ASimpleCache,3666,07/28/2013 13:50:59,12,https://github.com/yangfuhai/ASimpleCache.git,0,4.586206896551724,1.3103448275862069,38.51724137931034,29,2650,792
mbechler/marshalsec,3665,05/22/2017 11:43:57,8,https://github.com/mbechler/marshalsec.git,0,7.291666666666667,1.8194444444444444,14.583333333333334,72,6217,861
google/rejoiner,3664,12/06/2017 19:09:53,8,https://github.com/google/rejoiner.git,0,6.6183206106870225,1.5725190839694656,4.923664122137405,131,7627,1326
apache/tika,3662,05/21/2009 02:12:11,16,https://github.com/apache/tika.git,0,6.045703125,1.502734375,31.765234375,2560,339340,83369
spring-io/initializr,3659,06/07/2013 16:02:22,12,https://github.com/spring-io/initializr.git,0,5.710280373831775,1.2563417890520694,35.64485981308411,749,68906,18887
KunMinX/Linkage-RecyclerView,3659,04/22/2019 04:39:46,6,https://github.com/KunMinX/Linkage-RecyclerView.git,0,6.4,1.5466666666666666,10.386666666666667,75,3985,845
dropbox/hackpad,3659,08/14/2015 02:32:17,10,https://github.com/dropbox/hackpad.git,0,4.775444264943457,1.7883683360258482,152.29886914378028,619,130113,30061
anggrayudi/android-hidden-api,3657,09/16/2015 11:58:33,10,https://github.com/anggrayudi/android-hidden-api.git,0,8,1,56.5,4,911,328
fyhertz/libstreaming,3656,01/30/2013 21:24:47,13,https://github.com/fyhertz/libstreaming.git,0,3.5730337078651684,1.4157303370786516,23.292134831460675,89,9573,2154
huburt-Hu/NewbieGuide,3645,07/28/2017 06:54:05,8,https://github.com/huburt-Hu/NewbieGuide.git,0,4.3076923076923075,1.1794871794871795,10.435897435897436,78,2713,357
TNG/ArchUnit,3642,04/21/2017 08:39:20,8,https://github.com/TNG/ArchUnit.git,0,3.500680642526545,1.268989926490607,39.49305744622924,3673,128805,16139
fabric8io/kubernetes-client,3636,07/09/2015 15:43:13,10,https://github.com/fabric8io/kubernetes-client.git,0,21.85639426076107,1.1140361821584528,85.88933250155958,8015,1179227,200648
litesuits/android-common,3630,05/29/2014 08:08:00,11,https://github.com/litesuits/android-common.git,0,3.5176470588235293,1.2470588235294118,124.3529411764706,85,13350,5699
spockframework/spock,3626,12/12/2010 19:02:34,15,https://github.com/spockframework/spock.git,0,5.425068119891008,1.4427792915531334,34.39509536784741,734,55210,16526
alibaba/Alink,3620,09/30/2018 06:36:11,7,https://github.com/alibaba/Alink.git,0,6.4008067473414005,1.6326854907712993,34.70272582813837,8181,595725,72954
PlexPt/chatgpt-java,3616,12/07/2022 04:55:33,3,https://github.com/PlexPt/chatgpt-java.git,0,5.27536231884058,1.2753623188405796,14.594202898550725,69,4561,831
dtinit/data-transfer-project,3609,01/04/2018 21:27:57,8,https://github.com/dtinit/data-transfer-project.git,0,6.814775160599572,1.2473233404710922,6.87152034261242,934,79489,13548
rockerhieu/emojicon,3608,01/18/2014 12:32:38,12,https://github.com/rockerhieu/emojicon.git,0,5.153846153846154,1.564102564102564,6.769230769230769,39,4713,553
hmkcode/Android,3606,09/02/2013 16:12:28,12,https://github.com/hmkcode/Android.git,0,4.803571428571429,1.6428571428571428,2.142857142857143,56,3510,252
oasisfeng/island,3605,04/23/2016 11:30:18,9,https://github.com/oasisfeng/island.git,0,6.797814207650274,1.5191256830601092,52.114754098360656,183,10774,1048
googlemaps/android-maps-utils,3603,05/17/2013 00:08:48,12,https://github.com/googlemaps/android-maps-utils.git,0,7.013761467889908,1.6743119266055047,37.908256880733944,218,24760,7305
Nekogram/Nekogram,3598,09/10/2023 07:07:51,2,https://github.com/Nekogram/Nekogram.git,0,6.875946704067321,1.6595371669004209,84.62952314165499,14260,1660456,104814
termux/termux-api,3595,07/03/2015 00:57:59,10,https://github.com/termux/termux-api.git,0,5.470238095238095,1.3928571428571428,3.6845238095238093,168,10112,709
cSploit/android,3593,10/04/2014 05:53:29,11,https://github.com/cSploit/android.git,0,4.208984375,1.517578125,15.65234375,512,27353,3030
apache/logging-log4j2,3589,06/12/2013 07:00:19,12,https://github.com/apache/logging-log4j2.git,0,5.458454386984312,1.5046484601975596,46.47036606624056,3442,346827,98487
tyrantgit/ExplosionField,3585,09/23/2015 11:34:50,10,https://github.com/tyrantgit/ExplosionField.git,0,4.9,1.5,4.3,10,447,51
vert-x3/vertx-examples,3584,02/24/2015 17:42:44,11,https://github.com/vert-x3/vertx-examples.git,0,5.3532008830022075,1.8233995584988962,1.0264900662251655,453,19627,2454
kikoso/android-stackblur,3582,08/15/2013 14:44:32,12,https://github.com/kikoso/android-stackblur.git,0,1.7804878048780488,1.0975609756097562,0.5853658536585366,41,1188,142
WVector/AppUpdate,3581,06/19/2017 09:38:42,8,https://github.com/WVector/AppUpdate.git,0,4.4375,1.15625,37.140625,64,4389,1059
davideas/FlexibleAdapter,3570,05/02/2015 22:00:43,10,https://github.com/davideas/FlexibleAdapter.git,0,5.987730061349693,2.1134969325153374,102.15644171779141,326,29038,8836
AxonFramework/AxonFramework,3569,12/02/2011 16:04:42,14,https://github.com/AxonFramework/AxonFramework.git,0,6.104801578601184,1.2442446831835123,11.815610611707958,4561,566902,184620
dongjunkun/DropDownMenu,3567,06/23/2015 07:43:56,10,https://github.com/dongjunkun/DropDownMenu.git,0,4.526315789473684,1.368421052631579,2.1578947368421053,19,744,85
LinShunKang/MyPerf4J,3565,03/11/2018 09:58:44,8,https://github.com/LinShunKang/MyPerf4J.git,0,3.5517241379310347,1.1567398119122256,10.156739811912226,319,16582,1281
JakeWharton/ThreeTenABP,3558,07/03/2015 17:35:09,10,https://github.com/JakeWharton/ThreeTenABP.git,0,4.285714285714286,1.4285714285714286,1.4285714285714286,7,212,9
code4craft/netty-learning,3554,09/19/2013 02:24:25,12,https://github.com/code4craft/netty-learning.git,0,4.853951890034364,1.6503436426116838,39.24914089347079,1164,123340,39289
bilibili/MagicaSakura,3552,06/23/2016 07:54:59,9,https://github.com/bilibili/MagicaSakura.git,0,8.297619047619047,1.6785714285714286,25.44047619047619,84,7971,1025
immutables/immutables,3548,07/07/2013 13:48:23,12,https://github.com/immutables/immutables.git,0,4.606027987082885,1.2856117689271618,30.71941155364191,2787,119137,17625
dariuszseweryn/RxAndroidBle,3547,02/04/2016 13:42:02,10,https://github.com/dariuszseweryn/RxAndroidBle.git,0,5.29979035639413,1.2536687631027255,53.482180293501045,477,24542,3292
Netflix/concurrency-limits,3546,12/11/2017 19:32:41,8,https://github.com/Netflix/concurrency-limits.git,0,4.609375,1.28125,8.3828125,128,8178,1659
johncarl81/parceler,3538,07/03/2013 02:53:01,12,https://github.com/johncarl81/parceler.git,0,4.702272727272727,1.35,16.588636363636365,440,15895,3342
M66B/NetGuard,3535,10/24/2015 17:59:20,10,https://github.com/M66B/NetGuard.git,0,4.809045226130653,1.2512562814070352,18.492462311557787,199,14605,454
arimorty/floatingsearchview,3534,11/22/2015 02:38:32,10,https://github.com/arimorty/floatingsearchview.git,0,3.5703703703703704,1.1777777777777778,26.28148148148148,135,5274,889
Guardsquare/proguard,3533,03/27/2019 16:35:35,7,https://github.com/Guardsquare/proguard.git,0,9.205172413793104,1.2327586206896552,58.5448275862069,580,93524,23742
spring-cloud/spring-cloud-kubernetes,3532,12/13/2016 21:36:25,9,https://github.com/spring-cloud/spring-cloud-kubernetes.git,0,8.152766308835673,1.2898431048720067,4.883567299752271,1211,111716,27708
luontola/retrolambda,3527,07/20/2013 07:25:22,12,https://github.com/luontola/retrolambda.git,0,2.4291666666666667,1.4125,9.004166666666666,240,6904,575
andremion/Music-Player,3523,05/06/2016 21:55:37,9,https://github.com/andremion/Music-Player.git,0,4.40625,1.75,5.03125,32,1425,270
rom1v/sndcpy,3519,06/09/2020 19:36:57,5,https://github.com/rom1v/sndcpy.git,0,7.75,2,20.25,4,260,2
lenve/JavaEETest,3515,12/13/2016 02:13:58,9,https://github.com/lenve/JavaEETest.git,0,3.2828947368421053,1.0789473684210527,3.6052631578947367,152,6883,684
nageoffer/12306,3511,05/30/2023 04:08:28,2,https://github.com/nageoffer/12306.git,0,4.94976076555024,1.2033492822966507,2.710526315789474,418,29965,12872
eclipse-openj9/openj9,3509,08/25/2017 13:46:07,8,https://github.com/eclipse-openj9/openj9.git,0,0,0,0,0,932497,228351
Aefyr/SAI,3509,12/14/2018 19:22:27,7,https://github.com/Aefyr/SAI.git,0,6.309462915601023,1.5396419437340154,13.263427109974424,391,24062,801
lsjwzh/RecyclerViewPager,3506,01/17/2015 18:30:34,11,https://github.com/lsjwzh/RecyclerViewPager.git,0,4.309859154929577,1.4929577464788732,9.971830985915492,71,2995,203
nytimes/Store,3503,11/29/2016 20:17:11,9,https://github.com/nytimes/Store.git,0,6.182758620689655,1.5620689655172413,17.055172413793102,290,17706,3208
baoyongzhang/SwipeMenuListView,3501,08/24/2014 15:40:45,11,https://github.com/baoyongzhang/SwipeMenuListView.git,0,4.393939393939394,1.4545454545454546,15.242424242424242,33,1753,236
codeestX/GeekNews,3500,08/07/2016 14:56:56,9,https://github.com/codeestX/GeekNews.git,0,4.624145785876993,1.4464692482915718,10.009111617312072,439,16879,1711
Athou/commafeed,3491,03/20/2013 19:32:09,13,https://github.com/Athou/commafeed.git,0,7.442379182156134,1.3680297397769516,6.044609665427509,269,17032,586
apache/incubator-kie-optaplanner,3491,02/15/2011 19:38:23,15,https://github.com/apache/incubator-kie-optaplanner.git,0,7.176982892690513,1.8248833592534992,49.22083981337481,3215,331504,79741
KingJA/LoadSir,3486,09/02/2017 08:32:15,8,https://github.com/KingJA/LoadSir.git,0,5.1891891891891895,1.554054054054054,4.013513513513513,74,2510,366
getActivity/Toaster,3480,09/16/2018 05:28:57,7,https://github.com/getActivity/Toaster.git,0,4.583333333333333,1.3333333333333333,40.25,36,2524,566
phodal/migration,3477,01/08/2020 02:11:38,6,https://github.com/phodal/migration.git,0,1.4166666666666667,1,0.08333333333333333,12,201,11
WinterChenS/my-site,3475,05/03/2018 09:05:37,7,https://github.com/WinterChenS/my-site.git,0,6.188888888888889,1.1888888888888889,35.022222222222226,90,7708,1828
ittianyu/BottomNavigationViewEx,3474,11/12/2016 08:39:38,9,https://github.com/ittianyu/BottomNavigationViewEx.git,0,4.896551724137931,1.5862068965517242,50.13793103448276,29,2242,496
